num,Year,Location,rep,block,plot,env,G,Y,ph,ssT
1,Year2013,SRR,1,1,1,SRR_Year2013,Line2,111.6656665,7.270661192,50.89140083
2,Year2013,SRR,1,1,2,SRR_Year2013,Line26,94.72237905,6.947371899,52.33434946
3,Year2013,SRR,1,1,3,SRR_Year2013,Line59,107.6241578,6.760588799,57.72842628
4,Year2013,SRR,1,1,4,SRR_Year2013,Line55,102.7393579,6.727696847,62.26323863
5,Year2013,SRR,1,1,5,SRR_Year2013,Line27,100.2545236,7.047062815,59.54038711
6,Year2013,SRR,1,1,6,SRR_Year2013,Line50,109.2822765,7.42544578,67.52625933
7,Year2013,SRR,1,1,7,SRR_Year2013,Line36,95.51929196,7.472628608,62.71510026
8,Year2013,SRR,1,1,8,SRR_Year2013,Line17,99.95680045,5.059970614,38.81199309
9,Year2013,SRR,2,1,1,SRR_Year2013,Line54,109.0086988,7.848790923,55.58256505
10,Year2013,SRR,2,1,2,SRR_Year2013,Line61,102.2634583,6.070242639,56.29782132
11,Year2013,SRR,2,1,3,SRR_Year2013,Line33,94.88944343,5.869240266,50.08270667
12,Year2013,SRR,2,1,4,SRR_Year2013,Line64,99.7666887,7.126622014,64.40942613
13,Year2013,SRR,2,1,5,SRR_Year2013,Line17,106.8393319,6.565833485,55.25909331
14,Year2013,SRR,2,1,6,SRR_Year2013,Line62,106.5197374,7.266379328,66.39109381
15,Year2013,SRR,2,1,7,SRR_Year2013,Line49,95.53424174,7.343589207,69.73670996
16,Year2013,SRR,2,1,8,SRR_Year2013,Line35,98.09545121,7.564395225,68.87632951
17,Year2013,SRR,1,2,1,SRR_Year2013,Line20,105.0858624,7.294743949,65.28986964
18,Year2013,SRR,1,2,2,SRR_Year2013,Line1,113.7789052,8.110677384,73.22898859
19,Year2013,SRR,1,2,3,SRR_Year2013,Line28,94.00223024,5.702749582,52.90465319
20,Year2013,SRR,1,2,4,SRR_Year2013,Line32,99.08001781,7.623574881,64.16757567
21,Year2013,SRR,1,2,5,SRR_Year2013,Line38,98.15498744,6.065205253,56.54843419
22,Year2013,SRR,1,2,6,SRR_Year2013,Line16,105.146736,6.702503823,52.68890092
23,Year2013,SRR,1,2,7,SRR_Year2013,Line21,107.4761028,8.253475438,65.17375114
24,Year2013,SRR,1,2,8,SRR_Year2013,Line70,118.2455291,8.846756031,73.47024346
25,Year2013,SRR,2,2,1,SRR_Year2013,Line37,112.8817408,7.823105723,72.31035143
26,Year2013,SRR,2,2,2,SRR_Year2013,Line11,100.3136767,8.40887599,69.25734195
27,Year2013,SRR,2,2,3,SRR_Year2013,Line59,103.2579997,6.146873359,48.85694775
28,Year2013,SRR,2,2,4,SRR_Year2013,Line18,86.26029061,7.05349256,58.24193959
29,Year2013,SRR,2,2,5,SRR_Year2013,Line14,111.0446358,6.985816881,61.44351235
30,Year2013,SRR,2,2,6,SRR_Year2013,Line74,97.65507887,7.266880522,65.43208747
31,Year2013,SRR,2,2,7,SRR_Year2013,Line4,97.33760466,6.935722394,67.35317844
32,Year2013,SRR,2,2,8,SRR_Year2013,Line32,103.0437219,7.396476412,63.45571581
33,Year2013,SRR,1,3,1,SRR_Year2013,Line78,105.0192484,6.912077611,51.64265345
34,Year2013,SRR,1,3,2,SRR_Year2013,Line40,108.8663594,7.248760322,54.99148452
35,Year2013,SRR,1,3,3,SRR_Year2013,Line11,98.33490216,7.861036792,71.28764972
36,Year2013,SRR,1,3,4,SRR_Year2013,Line5,112.883112,8.221018305,69.11921407
37,Year2013,SRR,1,3,5,SRR_Year2013,Line12,97.9611012,7.503692778,66.48955715
38,Year2013,SRR,1,3,6,SRR_Year2013,Line42,108.6905733,6.510607632,51.2480133
39,Year2013,SRR,1,3,7,SRR_Year2013,Line65,109.098186,7.790629039,59.74104999
40,Year2013,SRR,1,3,8,SRR_Year2013,Line54,107.0792899,7.387379822,62.07425717
41,Year2013,SRR,2,3,1,SRR_Year2013,Line7,97.6352366,8.235317318,67.07301264
42,Year2013,SRR,2,3,2,SRR_Year2013,Line9,106.3061796,5.972798322,52.26642253
43,Year2013,SRR,2,3,3,SRR_Year2013,Line50,100.0738779,7.063449487,66.85415754
44,Year2013,SRR,2,3,4,SRR_Year2013,Line22,113.8400525,6.988041326,63.64557955
45,Year2013,SRR,2,3,5,SRR_Year2013,Line44,97.07304778,7.145804766,57.76957145
46,Year2013,SRR,2,3,6,SRR_Year2013,Line19,95.76905619,6.636650953,50.11133657
47,Year2013,SRR,2,3,7,SRR_Year2013,Line51,100.1238508,7.761158481,61.4197754
48,Year2013,SRR,2,3,8,SRR_Year2013,Line20,102.7714433,6.535638781,57.82417666
49,Year2013,SRR,1,4,1,SRR_Year2013,Line25,109.0084909,7.035314267,50.43751757
50,Year2013,SRR,1,4,2,SRR_Year2013,Line68,103.1501565,7.327142686,61.8926445
51,Year2013,SRR,1,4,3,SRR_Year2013,Line76,98.23910196,6.33623656,56.60175183
52,Year2013,SRR,1,4,4,SRR_Year2013,Line73,115.9028603,8.699601738,69.30115565
53,Year2013,SRR,1,4,5,SRR_Year2013,Line62,105.1492678,7.353077769,68.59476057
54,Year2013,SRR,1,4,6,SRR_Year2013,Line56,106.2078969,6.584845225,53.65051468
55,Year2013,SRR,1,4,7,SRR_Year2013,Line58,100.7899054,8.684624187,73.82796795
56,Year2013,SRR,1,4,8,SRR_Year2013,Line51,100.9175823,7.594836606,61.16556053
57,Year2013,SRR,2,4,1,SRR_Year2013,Line16,113.7030014,6.524211539,53.67749635
58,Year2013,SRR,2,4,2,SRR_Year2013,Line23,104.1387485,6.289781412,56.01218238
59,Year2013,SRR,2,4,3,SRR_Year2013,Line48,106.2330815,5.856520875,49.18900685
60,Year2013,SRR,2,4,4,SRR_Year2013,Line45,93.72552345,8.12042325,72.67059611
61,Year2013,SRR,2,4,5,SRR_Year2013,Line25,107.8830189,7.579129237,52.10169199
62,Year2013,SRR,2,4,6,SRR_Year2013,Line30,116.5362214,8.291124705,66.87718607
63,Year2013,SRR,2,4,7,SRR_Year2013,Line15,108.3011211,10.02295544,90.611385
64,Year2013,SRR,2,4,8,SRR_Year2013,Line2,103.2107104,6.913545464,52.67922704
65,Year2013,SRR,1,5,1,SRR_Year2013,Line31,100.7019923,6.247245978,50.79059804
66,Year2013,SRR,1,5,2,SRR_Year2013,Line77,103.0533117,6.8457406,57.956623
67,Year2013,SRR,1,5,3,SRR_Year2013,Line39,103.5462927,8.799229549,61.77917165
68,Year2013,SRR,1,5,4,SRR_Year2013,Line64,98.85346791,7.797999517,70.52585374
69,Year2013,SRR,1,5,5,SRR_Year2013,Line15,116.5231448,8.479087534,75.6468796
70,Year2013,SRR,1,5,6,SRR_Year2013,Line9,101.1078044,5.728726279,53.36602138
71,Year2013,SRR,1,5,7,SRR_Year2013,Line37,110.8209964,7.390449366,68.39505821
72,Year2013,SRR,1,5,8,SRR_Year2013,Line63,94.02815005,6.806197337,56.25626879
73,Year2013,SRR,2,5,1,SRR_Year2013,Line29,95.9177407,7.486730036,60.45246722
74,Year2013,SRR,2,5,2,SRR_Year2013,Line60,103.8865981,6.714012673,54.78391724
75,Year2013,SRR,2,5,3,SRR_Year2013,Line28,95.28057954,5.836640334,47.92658769
76,Year2013,SRR,2,5,4,SRR_Year2013,Line80,109.6770269,6.688337523,60.1543825
77,Year2013,SRR,2,5,5,SRR_Year2013,Line43,91.68585134,6.551362021,61.73331056
78,Year2013,SRR,2,5,6,SRR_Year2013,Line68,102.883814,7.010501184,59.20016738
79,Year2013,SRR,2,5,7,SRR_Year2013,Line3,94.00000359,6.877979823,55.44205883
80,Year2013,SRR,2,5,8,SRR_Year2013,Line65,104.840495,7.649295302,61.80609576
81,Year2013,SRR,1,6,1,SRR_Year2013,Line45,91.32025391,8.153155633,72.76784382
82,Year2013,SRR,1,6,2,SRR_Year2013,Line61,98.49305359,6.501150476,57.04952564
83,Year2013,SRR,1,6,3,SRR_Year2013,Line75,112.6945572,6.76831325,62.0840715
84,Year2013,SRR,1,6,4,SRR_Year2013,Line60,114.7395309,7.262002829,54.75544018
85,Year2013,SRR,1,6,5,SRR_Year2013,Line24,99.79772515,7.186886012,70.81157437
86,Year2013,SRR,1,6,6,SRR_Year2013,Line19,93.31245736,7.063235617,51.47735241
87,Year2013,SRR,1,6,7,SRR_Year2013,Line4,103.8705444,6.480689797,60.4872323
88,Year2013,SRR,1,6,8,SRR_Year2013,Line67,93.54430145,6.899584142,59.42252421
89,Year2013,SRR,2,6,1,SRR_Year2013,Line56,111.748275,6.241484252,50.88247681
90,Year2013,SRR,2,6,2,SRR_Year2013,Line71,112.144154,7.648764066,61.30009186
91,Year2013,SRR,2,6,3,SRR_Year2013,Line57,99.44810068,6.674925881,64.03442455
92,Year2013,SRR,2,6,4,SRR_Year2013,Line26,104.2354259,6.694668998,51.52267635
93,Year2013,SRR,2,6,5,SRR_Year2013,Line39,107.0148961,9.217803826,66.16865324
94,Year2013,SRR,2,6,6,SRR_Year2013,Line38,101.7099814,6.326873018,56.22241251
95,Year2013,SRR,2,6,7,SRR_Year2013,Line67,92.19067747,6.25585356,55.38489088
96,Year2013,SRR,2,6,8,SRR_Year2013,Line40,120.018305,6.689512772,50.03434843
97,Year2013,SRR,1,7,1,SRR_Year2013,Line71,98.28341686,6.981021659,62.59111964
98,Year2013,SRR,1,7,2,SRR_Year2013,Line49,106.2003534,6.685653779,64.07972375
99,Year2013,SRR,1,7,3,SRR_Year2013,Line18,91.64052232,7.036151098,61.89565607
100,Year2013,SRR,1,7,4,SRR_Year2013,Line66,106.1423426,7.553826795,64.25965454
101,Year2013,SRR,1,7,5,SRR_Year2013,Line8,104.2702539,8.445626418,72.28258964
102,Year2013,SRR,1,7,6,SRR_Year2013,Line80,102.4749255,6.802295614,62.29672523
103,Year2013,SRR,1,7,7,SRR_Year2013,Line7,99.04842229,8.284911181,68.13866779
104,Year2013,SRR,1,7,8,SRR_Year2013,Line79,102.9581367,7.450057629,60.95667306
105,Year2013,SRR,2,7,1,SRR_Year2013,Line6,93.58693689,6.951878271,59.79637674
106,Year2013,SRR,2,7,2,SRR_Year2013,Line41,88.17078344,8.424715048,71.57263919
107,Year2013,SRR,2,7,3,SRR_Year2013,Line78,106.0435054,8.307195568,57.96755239
108,Year2013,SRR,2,7,4,SRR_Year2013,Line34,103.2999766,8.025543409,58.34281861
109,Year2013,SRR,2,7,5,SRR_Year2013,Line8,103.3266339,8.420687023,66.88356061
110,Year2013,SRR,2,7,6,SRR_Year2013,Line77,104.7943649,6.212435343,50.49262954
111,Year2013,SRR,2,7,7,SRR_Year2013,Line24,96.93250758,6.691338737,64.64891051
112,Year2013,SRR,2,7,8,SRR_Year2013,Line36,93.50303947,5.982492183,50.29181699
113,Year2013,SRR,1,8,1,SRR_Year2013,Line22,113.0557616,6.687232645,64.88901028
114,Year2013,SRR,1,8,2,SRR_Year2013,Line35,106.3385061,7.930148388,68.84158095
115,Year2013,SRR,1,8,3,SRR_Year2013,Line29,98.42495714,7.010061351,65.71097297
116,Year2013,SRR,1,8,4,SRR_Year2013,Line14,113.2891683,8.1727598,72.56700437
117,Year2013,SRR,1,8,5,SRR_Year2013,Line48,93.94859067,6.098455913,46.93733041
118,Year2013,SRR,1,8,6,SRR_Year2013,Line6,105.5632061,7.125608037,63.29388069
119,Year2013,SRR,1,8,7,SRR_Year2013,Line47,102.3673579,7.436280768,60.76348742
120,Year2013,SRR,1,8,8,SRR_Year2013,Line10,102.8954901,7.100982289,64.55431569
121,Year2013,SRR,2,8,1,SRR_Year2013,Line52,108.4822718,7.295614202,64.54167927
122,Year2013,SRR,2,8,2,SRR_Year2013,Line27,103.0848482,6.661237497,56.02792321
123,Year2013,SRR,2,8,3,SRR_Year2013,Line5,99.75527821,8.209681617,68.10237816
124,Year2013,SRR,2,8,4,SRR_Year2013,Line1,113.8542804,8.461236516,68.72286749
125,Year2013,SRR,2,8,5,SRR_Year2013,Line47,106.1749444,7.524321697,59.00174478
126,Year2013,SRR,2,8,6,SRR_Year2013,Line75,113.5526196,6.816822943,56.00155991
127,Year2013,SRR,2,8,7,SRR_Year2013,Line72,120.6451972,9.607316571,82.1271647
128,Year2013,SRR,2,8,8,SRR_Year2013,Line58,90.74627104,8.11797303,70.07939151
129,Year2013,SRR,1,9,1,SRR_Year2013,Line53,107.2451382,7.388750136,65.1250227
130,Year2013,SRR,1,9,2,SRR_Year2013,Line41,88.19756922,7.107896219,62.18214685
131,Year2013,SRR,1,9,3,SRR_Year2013,Line30,108.0097667,7.555298823,60.38698097
132,Year2013,SRR,1,9,4,SRR_Year2013,Line52,108.3075581,8.571514235,73.35745864
133,Year2013,SRR,1,9,5,SRR_Year2013,Line33,94.05023653,5.933594527,46.84483475
134,Year2013,SRR,1,9,6,SRR_Year2013,Line46,105.7287252,8.537222506,76.1675634
135,Year2013,SRR,1,9,7,SRR_Year2013,Line3,108.4034085,7.297678507,56.87150433
136,Year2013,SRR,1,9,8,SRR_Year2013,Line57,101.6018113,7.889407663,72.51503557
137,Year2013,SRR,2,9,1,SRR_Year2013,Line12,96.95908166,7.560733031,64.14470188
138,Year2013,SRR,2,9,2,SRR_Year2013,Line55,102.5292989,6.926706997,60.8044042
139,Year2013,SRR,2,9,3,SRR_Year2013,Line46,107.9699017,7.778813754,57.2330375
140,Year2013,SRR,2,9,4,SRR_Year2013,Line70,116.7985338,8.194160575,72.90493354
141,Year2013,SRR,2,9,5,SRR_Year2013,Line76,93.07445354,6.465137429,62.17443977
142,Year2013,SRR,2,9,6,SRR_Year2013,Line31,104.1519596,5.718889507,47.16399482
143,Year2013,SRR,2,9,7,SRR_Year2013,Line69,98.3057707,8.230684538,66.13387776
144,Year2013,SRR,2,9,8,SRR_Year2013,Line66,110.7353074,6.995505008,59.85056205
145,Year2013,SRR,1,10,1,SRR_Year2013,Line69,105.7346778,8.384954287,62.84096636
146,Year2013,SRR,1,10,2,SRR_Year2013,Line74,107.047609,7.112541715,61.23911418
147,Year2013,SRR,1,10,3,SRR_Year2013,Line23,103.5219052,6.482793958,57.11169756
148,Year2013,SRR,1,10,4,SRR_Year2013,Line72,117.8499396,8.01428984,73.23593278
149,Year2013,SRR,1,10,5,SRR_Year2013,Line44,101.0263111,6.771949654,58.39438917
150,Year2013,SRR,1,10,6,SRR_Year2013,Line13,108.1775555,7.75590293,75.3473093
151,Year2013,SRR,1,10,7,SRR_Year2013,Line34,96.8090252,9.829833178,78.8825605
152,Year2013,SRR,1,10,8,SRR_Year2013,Line43,96.77399781,6.158454237,58.78820627
153,Year2013,SRR,2,10,1,SRR_Year2013,Line73,110.4790611,9.347328835,70.9067342
154,Year2013,SRR,2,10,2,SRR_Year2013,Line13,102.6109217,7.685101825,75.5500517
155,Year2013,SRR,2,10,3,SRR_Year2013,Line10,109.4313231,8.107851415,71.38118843
156,Year2013,SRR,2,10,4,SRR_Year2013,Line21,89.30317412,8.899053938,67.92806322
157,Year2013,SRR,2,10,5,SRR_Year2013,Line63,107.3267393,7.014044882,59.44400535
158,Year2013,SRR,2,10,6,SRR_Year2013,Line53,122.5145997,7.556966677,69.43933659
159,Year2013,SRR,2,10,7,SRR_Year2013,Line42,106.1164697,6.72015943,50.12127405
160,Year2013,SRR,2,10,8,SRR_Year2013,Line79,101.2837906,7.342270937,57.83015472
161,Year2013,UKA,1,1,1,UKA_Year2013,Line11,105.2443441,6.562132683,51.89530773
162,Year2013,UKA,1,1,2,UKA_Year2013,Line66,105.0078278,7.127574124,57.21425944
163,Year2013,UKA,1,1,3,UKA_Year2013,Line27,110.0662668,9.342909092,69.74333027
164,Year2013,UKA,1,1,4,UKA_Year2013,Line49,104.0831803,5.439626778,46.25932826
165,Year2013,UKA,1,1,5,UKA_Year2013,Line68,117.1499846,7.459674604,60.11394148
166,Year2013,UKA,1,1,6,UKA_Year2013,Line23,93.17901953,7.028741165,59.35424408
167,Year2013,UKA,1,1,7,UKA_Year2013,Line26,105.2686471,8.713031574,67.45018893
168,Year2013,UKA,1,1,8,UKA_Year2013,Line22,105.3122984,6.343975815,58.9571722
169,Year2013,UKA,2,1,1,UKA_Year2013,Line68,113.1965544,7.949985117,63.36827255
170,Year2013,UKA,2,1,2,UKA_Year2013,Line77,110.8362464,7.004470599,62.22714039
171,Year2013,UKA,2,1,3,UKA_Year2013,Line69,114.9439061,9.039203884,66.48049226
172,Year2013,UKA,2,1,4,UKA_Year2013,Line54,105.0396771,6.605405036,50.84773767
173,Year2013,UKA,2,1,5,UKA_Year2013,Line63,115.2750305,7.0810003,52.80396207
174,Year2013,UKA,2,1,6,UKA_Year2013,Line76,109.3071664,7.1611915,66.54246801
175,Year2013,UKA,2,1,7,UKA_Year2013,Line73,124.1236068,9.70517038,71.86162328
176,Year2013,UKA,2,1,8,UKA_Year2013,Line3,120.40562,7.980453247,61.19228291
177,Year2013,UKA,1,2,1,UKA_Year2013,Line33,108.0322559,5.973920437,44.88348443
178,Year2013,UKA,1,2,2,UKA_Year2013,Line18,112.644646,6.757432503,59.8526228
179,Year2013,UKA,1,2,3,UKA_Year2013,Line67,103.4014084,6.841539007,61.55713188
180,Year2013,UKA,1,2,4,UKA_Year2013,Line74,108.4166606,6.522700299,64.40804899
181,Year2013,UKA,1,2,5,UKA_Year2013,Line69,119.3912145,8.866743182,68.33887581
182,Year2013,UKA,1,2,6,UKA_Year2013,Line70,129.5983965,8.248252491,63.14563625
183,Year2013,UKA,1,2,7,UKA_Year2013,Line15,116.0363726,7.203988926,61.69507832
184,Year2013,UKA,1,2,8,UKA_Year2013,Line19,111.579327,8.008797944,69.31267543
185,Year2013,UKA,2,2,1,UKA_Year2013,Line75,121.7759686,7.427133373,63.7925556
186,Year2013,UKA,2,2,2,UKA_Year2013,Line15,109.4801198,7.517891975,70.615018
187,Year2013,UKA,2,2,3,UKA_Year2013,Line51,112.9147395,7.938456104,65.75822891
188,Year2013,UKA,2,2,4,UKA_Year2013,Line29,112.6287784,7.337308186,61.57381394
189,Year2013,UKA,2,2,5,UKA_Year2013,Line57,110.6555178,6.760722979,62.60552633
190,Year2013,UKA,2,2,6,UKA_Year2013,Line34,129.5705123,10.3760388,77.4441297
191,Year2013,UKA,2,2,7,UKA_Year2013,Line39,120.3261679,8.614438863,72.75495659
192,Year2013,UKA,2,2,8,UKA_Year2013,Line11,104.2106997,6.351311415,52.37679876
193,Year2013,UKA,1,3,1,UKA_Year2013,Line60,103.8293315,7.006048559,54.81031796
194,Year2013,UKA,1,3,2,UKA_Year2013,Line36,100.7509688,7.106803486,64.47994059
195,Year2013,UKA,1,3,3,UKA_Year2013,Line55,104.0539368,7.514420415,67.09086543
196,Year2013,UKA,1,3,4,UKA_Year2013,Line29,112.8524431,7.771824713,67.8529863
197,Year2013,UKA,1,3,5,UKA_Year2013,Line12,104.4295195,7.329532063,56.82534027
198,Year2013,UKA,1,3,6,UKA_Year2013,Line65,107.622302,8.27864429,69.38871979
199,Year2013,UKA,1,3,7,UKA_Year2013,Line37,110.7298434,6.33450976,55.09535297
200,Year2013,UKA,1,3,8,UKA_Year2013,Line35,118.3019963,6.921792278,53.83608078
201,Year2013,UKA,2,3,1,UKA_Year2013,Line25,118.1247564,7.995791319,56.15390704
202,Year2013,UKA,2,3,2,UKA_Year2013,Line48,106.8066985,6.15234815,50.79099076
203,Year2013,UKA,2,3,3,UKA_Year2013,Line33,94.98047742,6.926179239,53.80662333
204,Year2013,UKA,2,3,4,UKA_Year2013,Line66,104.7667743,7.229805739,65.44704747
205,Year2013,UKA,2,3,5,UKA_Year2013,Line4,112.5429395,6.854480636,61.22087756
206,Year2013,UKA,2,3,6,UKA_Year2013,Line32,102.2726035,7.15147583,60.25736945
207,Year2013,UKA,2,3,7,UKA_Year2013,Line59,103.4470341,6.846407338,59.4689801
208,Year2013,UKA,2,3,8,UKA_Year2013,Line37,115.5002226,7.902129114,72.52237119
209,Year2013,UKA,1,4,1,UKA_Year2013,Line20,117.5985313,6.994059725,59.9055813
210,Year2013,UKA,1,4,2,UKA_Year2013,Line17,100.0741622,7.216140122,51.6614256
211,Year2013,UKA,1,4,3,UKA_Year2013,Line25,110.1829713,7.04074753,45.70966294
212,Year2013,UKA,1,4,4,UKA_Year2013,Line56,105.8857522,6.737416959,45.60311192
213,Year2013,UKA,1,4,5,UKA_Year2013,Line9,113.0574296,6.72464401,58.43781954
214,Year2013,UKA,1,4,6,UKA_Year2013,Line34,118.942823,8.395021742,65.20134279
215,Year2013,UKA,1,4,7,UKA_Year2013,Line73,120.4683021,8.293550906,66.12264651
216,Year2013,UKA,1,4,8,UKA_Year2013,Line43,102.2215726,5.643089669,50.83987984
217,Year2013,UKA,2,4,1,UKA_Year2013,Line72,127.8428713,8.664235795,75.9972066
218,Year2013,UKA,2,4,2,UKA_Year2013,Line56,109.3429642,5.996751209,46.94389247
219,Year2013,UKA,2,4,3,UKA_Year2013,Line40,113.665734,5.909718627,48.4575953
220,Year2013,UKA,2,4,4,UKA_Year2013,Line52,127.1785933,8.126340236,73.01970259
221,Year2013,UKA,2,4,5,UKA_Year2013,Line5,111.4545294,8.792629314,69.35906101
222,Year2013,UKA,2,4,6,UKA_Year2013,Line60,113.9564787,7.697178421,60.325955
223,Year2013,UKA,2,4,7,UKA_Year2013,Line67,111.0602044,6.678953708,61.06465856
224,Year2013,UKA,2,4,8,UKA_Year2013,Line42,114.0226377,6.409160511,48.67598232
225,Year2013,UKA,1,5,1,UKA_Year2013,Line48,100.8121827,6.094508519,53.33336809
226,Year2013,UKA,1,5,2,UKA_Year2013,Line46,114.20627,8.369369803,66.34554959
227,Year2013,UKA,1,5,3,UKA_Year2013,Line63,111.5665585,6.977218705,53.37372556
228,Year2013,UKA,1,5,4,UKA_Year2013,Line2,120.1103341,7.681576447,58.10504439
229,Year2013,UKA,1,5,5,UKA_Year2013,Line1,103.9972975,7.930795174,66.40960515
230,Year2013,UKA,1,5,6,UKA_Year2013,Line38,110.1708483,5.994369829,54.51410759
231,Year2013,UKA,1,5,7,UKA_Year2013,Line5,102.342351,9.175822164,72.08651458
232,Year2013,UKA,1,5,8,UKA_Year2013,Line44,113.6874875,7.611076974,61.32736599
233,Year2013,UKA,2,5,1,UKA_Year2013,Line35,117.8702799,6.759613951,58.08887901
234,Year2013,UKA,2,5,2,UKA_Year2013,Line47,113.7638121,7.950427545,64.83006853
235,Year2013,UKA,2,5,3,UKA_Year2013,Line61,109.1442264,6.152594641,58.5458355
236,Year2013,UKA,2,5,4,UKA_Year2013,Line1,113.4071213,7.882828311,61.3298079
237,Year2013,UKA,2,5,5,UKA_Year2013,Line31,110.1469835,6.186090747,42.67442476
238,Year2013,UKA,2,5,6,UKA_Year2013,Line50,108.3488813,7.443856279,70.29210568
239,Year2013,UKA,2,5,7,UKA_Year2013,Line14,116.7736954,8.023102685,65.98681283
240,Year2013,UKA,2,5,8,UKA_Year2013,Line23,91.99687285,6.663374032,58.66332799
241,Year2013,UKA,1,6,1,UKA_Year2013,Line78,108.5836144,6.745925875,45.44453218
242,Year2013,UKA,1,6,2,UKA_Year2013,Line10,105.8050672,7.531656498,65.48741912
243,Year2013,UKA,1,6,3,UKA_Year2013,Line51,118.6731701,7.379659709,60.59492884
244,Year2013,UKA,1,6,4,UKA_Year2013,Line50,103.7012073,6.956672073,65.27136206
245,Year2013,UKA,1,6,5,UKA_Year2013,Line52,116.4516048,8.487121643,75.0508015
246,Year2013,UKA,1,6,6,UKA_Year2013,Line77,107.9203143,5.853969716,51.95207889
247,Year2013,UKA,1,6,7,UKA_Year2013,Line30,117.4233565,6.377709903,50.5166026
248,Year2013,UKA,1,6,8,UKA_Year2013,Line79,115.9245371,6.36692104,46.6057486
249,Year2013,UKA,2,6,1,UKA_Year2013,Line74,103.201122,7.064255593,64.0281208
250,Year2013,UKA,2,6,2,UKA_Year2013,Line78,107.8876814,6.427952957,42.64611741
251,Year2013,UKA,2,6,3,UKA_Year2013,Line41,112.7826513,7.505147172,56.6477691
252,Year2013,UKA,2,6,4,UKA_Year2013,Line80,110.8930786,6.983861893,60.28153251
253,Year2013,UKA,2,6,5,UKA_Year2013,Line20,122.3497252,7.515332194,66.89616953
254,Year2013,UKA,2,6,6,UKA_Year2013,Line65,112.6147331,7.930999052,66.74761419
255,Year2013,UKA,2,6,7,UKA_Year2013,Line53,114.6227794,7.337774872,65.03249588
256,Year2013,UKA,2,6,8,UKA_Year2013,Line2,117.4580729,7.688200037,59.99294894
257,Year2013,UKA,1,7,1,UKA_Year2013,Line31,108.4785045,5.640897355,46.10684956
258,Year2013,UKA,1,7,2,UKA_Year2013,Line57,101.5251702,6.80261883,61.44235143
259,Year2013,UKA,1,7,3,UKA_Year2013,Line45,111.9275058,6.607815444,64.43673774
260,Year2013,UKA,1,7,4,UKA_Year2013,Line13,115.9851978,7.507548831,75.4028828
261,Year2013,UKA,1,7,5,UKA_Year2013,Line8,112.51678,8.81276124,75.1647567
262,Year2013,UKA,1,7,6,UKA_Year2013,Line59,108.5590041,7.283574727,62.21680386
263,Year2013,UKA,1,7,7,UKA_Year2013,Line64,111.5913631,7.496389236,61.69212992
264,Year2013,UKA,1,7,8,UKA_Year2013,Line53,110.1058755,8.056865007,65.45492362
265,Year2013,UKA,2,7,1,UKA_Year2013,Line27,110.4791827,7.681253494,63.29615015
266,Year2013,UKA,2,7,2,UKA_Year2013,Line7,112.0767144,9.359455538,86.6537758
267,Year2013,UKA,2,7,3,UKA_Year2013,Line13,119.2970963,7.764990039,73.83504116
268,Year2013,UKA,2,7,4,UKA_Year2013,Line44,106.4671732,7.856463224,59.40937728
269,Year2013,UKA,2,7,5,UKA_Year2013,Line6,115.1386367,6.760740403,58.59093449
270,Year2013,UKA,2,7,6,UKA_Year2013,Line16,112.8287076,6.094508853,49.62493606
271,Year2013,UKA,2,7,7,UKA_Year2013,Line43,112.2178536,6.113996253,54.92107358
272,Year2013,UKA,2,7,8,UKA_Year2013,Line10,101.3933249,7.481421757,68.4604405
273,Year2013,UKA,1,8,1,UKA_Year2013,Line14,131.9193468,7.224350334,64.03979063
274,Year2013,UKA,1,8,2,UKA_Year2013,Line58,115.7213091,7.6306318,57.34915188
275,Year2013,UKA,1,8,3,UKA_Year2013,Line54,101.6909915,5.819295298,45.81099029
276,Year2013,UKA,1,8,4,UKA_Year2013,Line4,111.5787902,6.411722529,63.98556877
277,Year2013,UKA,1,8,5,UKA_Year2013,Line62,114.3044194,6.614257978,53.99626786
278,Year2013,UKA,1,8,6,UKA_Year2013,Line39,108.7383118,8.789145278,64.82469786
279,Year2013,UKA,1,8,7,UKA_Year2013,Line42,107.5246715,6.440109043,50.844617
280,Year2013,UKA,1,8,8,UKA_Year2013,Line6,112.1403339,7.69579146,64.44112206
281,Year2013,UKA,2,8,1,UKA_Year2013,Line45,114.1867403,6.493956572,60.74446419
282,Year2013,UKA,2,8,2,UKA_Year2013,Line24,104.9154129,6.379457912,61.86195951
283,Year2013,UKA,2,8,3,UKA_Year2013,Line71,112.1839379,6.366237562,50.55852171
284,Year2013,UKA,2,8,4,UKA_Year2013,Line19,115.7991318,7.706258064,60.80602257
285,Year2013,UKA,2,8,5,UKA_Year2013,Line12,106.4532994,5.904715011,48.29351033
286,Year2013,UKA,2,8,6,UKA_Year2013,Line46,122.0334255,9.004897185,67.71517024
287,Year2013,UKA,2,8,7,UKA_Year2013,Line62,100.5345504,6.936997158,54.70050906
288,Year2013,UKA,2,8,8,UKA_Year2013,Line49,108.0903661,6.66604788,62.02965805
289,Year2013,UKA,1,9,1,UKA_Year2013,Line41,112.7341515,7.805931677,63.8084677
290,Year2013,UKA,1,9,2,UKA_Year2013,Line3,111.3895881,8.835211612,59.5783882
291,Year2013,UKA,1,9,3,UKA_Year2013,Line16,107.5062507,6.272915446,47.6844881
292,Year2013,UKA,1,9,4,UKA_Year2013,Line71,102.3666496,6.95314373,58.67469291
293,Year2013,UKA,1,9,5,UKA_Year2013,Line40,116.3955938,6.704833785,57.23727599
294,Year2013,UKA,1,9,6,UKA_Year2013,Line47,107.8503547,7.660451677,59.93736327
295,Year2013,UKA,1,9,7,UKA_Year2013,Line21,111.2626196,7.735052707,60.99837594
296,Year2013,UKA,1,9,8,UKA_Year2013,Line28,111.1255338,6.228562713,46.97616108
297,Year2013,UKA,2,9,1,UKA_Year2013,Line38,113.3983917,6.517428596,59.97098404
298,Year2013,UKA,2,9,2,UKA_Year2013,Line22,111.7504384,7.542371369,69.08485911
299,Year2013,UKA,2,9,3,UKA_Year2013,Line64,112.3154101,7.099241212,54.08454112
300,Year2013,UKA,2,9,4,UKA_Year2013,Line21,116.4245516,7.883948958,62.93107989
301,Year2013,UKA,2,9,5,UKA_Year2013,Line55,111.4734733,6.412711753,56.16707174
302,Year2013,UKA,2,9,6,UKA_Year2013,Line70,120.9508755,7.7155074,60.75888372
303,Year2013,UKA,2,9,7,UKA_Year2013,Line30,120.4075752,6.961162239,54.02566399
304,Year2013,UKA,2,9,8,UKA_Year2013,Line9,106.4529161,6.808572333,51.42241004
305,Year2013,UKA,1,10,1,UKA_Year2013,Line80,107.5328879,5.526564966,45.76269865
306,Year2013,UKA,1,10,2,UKA_Year2013,Line75,127.8266067,6.836504504,61.16558823
307,Year2013,UKA,1,10,3,UKA_Year2013,Line76,108.1497028,6.706508441,61.9621826
308,Year2013,UKA,1,10,4,UKA_Year2013,Line7,109.5556022,7.776844669,76.9753605
309,Year2013,UKA,1,10,5,UKA_Year2013,Line61,105.7961073,6.477102032,61.57240106
310,Year2013,UKA,1,10,6,UKA_Year2013,Line72,131.2613832,8.996358219,80.7824946
311,Year2013,UKA,1,10,7,UKA_Year2013,Line24,99.65757915,6.823140372,62.95534974
312,Year2013,UKA,1,10,8,UKA_Year2013,Line32,111.3609898,6.650371592,54.59465605
313,Year2013,UKA,2,10,1,UKA_Year2013,Line26,98.692311,8.142816152,67.22375655
314,Year2013,UKA,2,10,2,UKA_Year2013,Line36,99.25469449,7.302107996,62.71629696
315,Year2013,UKA,2,10,3,UKA_Year2013,Line28,109.0156312,7.259922927,56.77170045
316,Year2013,UKA,2,10,4,UKA_Year2013,Line58,109.9428586,7.180827499,54.52765307
317,Year2013,UKA,2,10,5,UKA_Year2013,Line79,120.9582809,7.698734952,60.74547132
318,Year2013,UKA,2,10,6,UKA_Year2013,Line8,114.9165026,7.607126561,67.26694707
319,Year2013,UKA,2,10,7,UKA_Year2013,Line17,103.9683978,7.933297333,63.91197047
320,Year2013,UKA,2,10,8,UKA_Year2013,Line18,115.9695304,6.68345995,60.45241433
321,Year2013,SAP,1,1,1,SAP_Year2013,Line24,122.0278808,5.842853037,50.19197885
322,Year2013,SAP,1,1,2,SAP_Year2013,Line20,122.1576935,7.16436529,57.7704758
323,Year2013,SAP,1,1,3,SAP_Year2013,Line48,106.0512494,5.781556483,48.10296742
324,Year2013,SAP,1,1,4,SAP_Year2013,Line72,131.0369224,8.70460735,69.57950888
325,Year2013,SAP,1,1,5,SAP_Year2013,Line63,111.2253893,6.982486798,60.27615811
326,Year2013,SAP,1,1,6,SAP_Year2013,Line37,127.82304,7.0501471,59.62809034
327,Year2013,SAP,1,1,7,SAP_Year2013,Line57,113.4337088,5.818708957,48.33043904
328,Year2013,SAP,1,1,8,SAP_Year2013,Line33,102.3836594,5.315693118,38.92783049
329,Year2013,SAP,2,1,1,SAP_Year2013,Line38,112.4392748,6.098665661,52.21500695
330,Year2013,SAP,2,1,2,SAP_Year2013,Line43,118.7793632,6.024643584,51.28633497
331,Year2013,SAP,2,1,3,SAP_Year2013,Line40,123.0592752,6.634988901,50.24262997
332,Year2013,SAP,2,1,4,SAP_Year2013,Line1,121.1375834,6.370900859,53.85743457
333,Year2013,SAP,2,1,5,SAP_Year2013,Line47,120.8897709,8.189968848,59.67349929
334,Year2013,SAP,2,1,6,SAP_Year2013,Line73,125.404829,7.697022278,64.32842939
335,Year2013,SAP,2,1,7,SAP_Year2013,Line50,121.5480359,6.935732303,61.29755954
336,Year2013,SAP,2,1,8,SAP_Year2013,Line79,117.5307305,6.916623776,57.89928809
337,Year2013,SAP,1,2,1,SAP_Year2013,Line80,104.0486358,6.204627013,49.79117126
338,Year2013,SAP,1,2,2,SAP_Year2013,Line30,119.3584489,6.572170368,45.02785524
339,Year2013,SAP,1,2,3,SAP_Year2013,Line11,115.4018815,6.229546144,47.51740753
340,Year2013,SAP,1,2,4,SAP_Year2013,Line16,114.0506147,6.072847119,50.23304803
341,Year2013,SAP,1,2,5,SAP_Year2013,Line56,125.1356953,6.286292257,49.93528185
342,Year2013,SAP,1,2,6,SAP_Year2013,Line52,123.6703095,7.458522008,61.03158744
343,Year2013,SAP,1,2,7,SAP_Year2013,Line47,117.2037839,7.089934807,55.63692622
344,Year2013,SAP,1,2,8,SAP_Year2013,Line70,106.8014782,5.876381214,42.94220054
345,Year2013,SAP,2,2,1,SAP_Year2013,Line27,114.304062,7.682024342,58.71387658
346,Year2013,SAP,2,2,2,SAP_Year2013,Line49,102.2516972,5.790747757,51.01922918
347,Year2013,SAP,2,2,3,SAP_Year2013,Line68,119.3514351,7.097544414,63.06955075
348,Year2013,SAP,2,2,4,SAP_Year2013,Line10,116.7476049,6.703740927,61.58271028
349,Year2013,SAP,2,2,5,SAP_Year2013,Line26,118.0942335,7.208771997,57.17193119
350,Year2013,SAP,2,2,6,SAP_Year2013,Line48,103.8595273,6.576781303,55.13583243
351,Year2013,SAP,2,2,7,SAP_Year2013,Line25,128.1576928,6.170504613,40.77789498
352,Year2013,SAP,2,2,8,SAP_Year2013,Line77,103.9232586,5.645834088,52.00219796
353,Year2013,SAP,1,3,1,SAP_Year2013,Line6,122.7401379,5.45275167,39.76162871
354,Year2013,SAP,1,3,2,SAP_Year2013,Line64,111.4177414,6.94642644,63.08800007
355,Year2013,SAP,1,3,3,SAP_Year2013,Line69,122.0758559,8.264269533,63.07685432
356,Year2013,SAP,1,3,4,SAP_Year2013,Line32,120.9043394,6.968007768,55.87672728
357,Year2013,SAP,1,3,5,SAP_Year2013,Line50,128.1043332,6.518515786,57.07973614
358,Year2013,SAP,1,3,6,SAP_Year2013,Line44,118.3429349,6.241160449,50.84239881
359,Year2013,SAP,1,3,7,SAP_Year2013,Line62,107.5878068,5.817858304,44.89806791
360,Year2013,SAP,1,3,8,SAP_Year2013,Line15,120.5091867,5.891459162,55.98914997
361,Year2013,SAP,2,3,1,SAP_Year2013,Line35,105.4590995,6.585658392,56.04840452
362,Year2013,SAP,2,3,2,SAP_Year2013,Line33,103.5210289,4.991006919,40.81138706
363,Year2013,SAP,2,3,3,SAP_Year2013,Line9,110.1432352,5.133052198,41.9360791
364,Year2013,SAP,2,3,4,SAP_Year2013,Line59,122.511613,6.660928582,52.4172031
365,Year2013,SAP,2,3,5,SAP_Year2013,Line34,118.7526921,7.064680033,52.10182713
366,Year2013,SAP,2,3,6,SAP_Year2013,Line58,115.3516595,7.077111844,57.31104853
367,Year2013,SAP,2,3,7,SAP_Year2013,Line6,118.0951024,6.368385519,51.11737521
368,Year2013,SAP,2,3,8,SAP_Year2013,Line56,130.0215558,6.046159212,48.09502331
369,Year2013,SAP,1,4,1,SAP_Year2013,Line67,122.8846011,6.601761378,54.75092793
370,Year2013,SAP,1,4,2,SAP_Year2013,Line35,102.3787123,6.729243994,50.03859045
371,Year2013,SAP,1,4,3,SAP_Year2013,Line42,118.6343933,6.826038571,55.43708536
372,Year2013,SAP,1,4,4,SAP_Year2013,Line66,115.1912287,7.196210747,60.59796836
373,Year2013,SAP,1,4,5,SAP_Year2013,Line26,133.6192076,7.186624905,57.48230306
374,Year2013,SAP,1,4,6,SAP_Year2013,Line2,125.1090316,7.570867832,54.99921338
375,Year2013,SAP,1,4,7,SAP_Year2013,Line19,108.0346012,6.633211576,53.47001863
376,Year2013,SAP,1,4,8,SAP_Year2013,Line39,109.3181245,7.063330932,50.28767025
377,Year2013,SAP,2,4,1,SAP_Year2013,Line54,117.225778,6.42053593,49.78321215
378,Year2013,SAP,2,4,2,SAP_Year2013,Line70,119.157107,7.04020062,47.58946761
379,Year2013,SAP,2,4,3,SAP_Year2013,Line20,116.4880862,7.297826979,61.22613293
380,Year2013,SAP,2,4,4,SAP_Year2013,Line46,123.1360022,7.344913854,58.27558517
381,Year2013,SAP,2,4,5,SAP_Year2013,Line53,120.4300696,7.043890887,69.81066818
382,Year2013,SAP,2,4,6,SAP_Year2013,Line42,118.7001905,6.191413321,48.03143853
383,Year2013,SAP,2,4,7,SAP_Year2013,Line13,130.49732,8.157035043,76.7177838
384,Year2013,SAP,2,4,8,SAP_Year2013,Line62,114.2686788,5.458538305,46.90009688
385,Year2013,SAP,1,5,1,SAP_Year2013,Line18,105.0005334,8.037358494,67.22816875
386,Year2013,SAP,1,5,2,SAP_Year2013,Line7,107.5898691,8.493279631,69.80538359
387,Year2013,SAP,1,5,3,SAP_Year2013,Line13,123.170201,7.348354325,65.05554747
388,Year2013,SAP,1,5,4,SAP_Year2013,Line41,119.0023924,6.23886429,43.92992502
389,Year2013,SAP,1,5,5,SAP_Year2013,Line4,117.9152326,6.59648275,60.61011767
390,Year2013,SAP,1,5,6,SAP_Year2013,Line77,114.6178189,6.011166464,54.58288218
391,Year2013,SAP,1,5,7,SAP_Year2013,Line79,118.3153628,6.123008059,45.66194641
392,Year2013,SAP,1,5,8,SAP_Year2013,Line58,112.9835254,8.154328515,57.69509468
393,Year2013,SAP,2,5,1,SAP_Year2013,Line65,124.7655139,7.174814519,63.39478462
394,Year2013,SAP,2,5,2,SAP_Year2013,Line45,118.2087018,7.60149184,67.00905447
395,Year2013,SAP,2,5,3,SAP_Year2013,Line11,117.0851503,6.276515654,49.59644276
396,Year2013,SAP,2,5,4,SAP_Year2013,Line57,115.3798252,6.353663924,54.68552242
397,Year2013,SAP,2,5,5,SAP_Year2013,Line66,116.3518714,6.807136903,59.85415438
398,Year2013,SAP,2,5,6,SAP_Year2013,Line60,131.9085945,7.470851669,61.06893831
399,Year2013,SAP,2,5,7,SAP_Year2013,Line15,120.3649616,6.817832239,63.11887954
400,Year2013,SAP,2,5,8,SAP_Year2013,Line12,118.018269,6.322686854,58.2174039
401,Year2013,SAP,1,6,1,SAP_Year2013,Line73,118.7544713,7.297754101,61.19884016
402,Year2013,SAP,1,6,2,SAP_Year2013,Line55,114.8317038,5.703996548,49.76223817
403,Year2013,SAP,1,6,3,SAP_Year2013,Line49,107.345745,5.994014122,49.99287566
404,Year2013,SAP,1,6,4,SAP_Year2013,Line12,113.5763041,6.173289654,54.23012906
405,Year2013,SAP,1,6,5,SAP_Year2013,Line51,116.0966828,6.925300347,53.41613273
406,Year2013,SAP,1,6,6,SAP_Year2013,Line22,128.571806,5.935085516,53.35859662
407,Year2013,SAP,1,6,7,SAP_Year2013,Line21,114.0503098,7.352439989,58.20538545
408,Year2013,SAP,1,6,8,SAP_Year2013,Line53,124.2894902,6.617523282,60.95883597
409,Year2013,SAP,2,6,1,SAP_Year2013,Line74,115.5173007,6.688282851,58.84537857
410,Year2013,SAP,2,6,2,SAP_Year2013,Line61,117.1469925,5.990331631,53.52753798
411,Year2013,SAP,2,6,3,SAP_Year2013,Line44,120.5003846,6.341710383,49.06116483
412,Year2013,SAP,2,6,4,SAP_Year2013,Line80,116.2015817,6.170724528,51.11533069
413,Year2013,SAP,2,6,5,SAP_Year2013,Line39,111.8144254,7.718168542,59.92530811
414,Year2013,SAP,2,6,6,SAP_Year2013,Line4,114.3534632,5.864535445,54.28552821
415,Year2013,SAP,2,6,7,SAP_Year2013,Line24,116.7380882,5.49196618,49.87591044
416,Year2013,SAP,2,6,8,SAP_Year2013,Line29,111.041469,7.312133271,61.05970117
417,Year2013,SAP,1,7,1,SAP_Year2013,Line68,121.7370934,6.733469531,55.07369269
418,Year2013,SAP,1,7,2,SAP_Year2013,Line17,116.3695193,5.759820963,43.68277735
419,Year2013,SAP,1,7,3,SAP_Year2013,Line29,118.9860593,7.867972119,65.76388916
420,Year2013,SAP,1,7,4,SAP_Year2013,Line8,114.5923305,7.363121566,66.39692708
421,Year2013,SAP,1,7,5,SAP_Year2013,Line1,112.5286731,5.986692182,50.69731371
422,Year2013,SAP,1,7,6,SAP_Year2013,Line71,111.4893766,6.176561329,59.46236711
423,Year2013,SAP,1,7,7,SAP_Year2013,Line65,112.9515854,7.218380452,66.01010015
424,Year2013,SAP,1,7,8,SAP_Year2013,Line59,127.0160701,5.959752044,45.91320911
425,Year2013,SAP,2,7,1,SAP_Year2013,Line36,105.7824793,5.710457155,43.03402511
426,Year2013,SAP,2,7,2,SAP_Year2013,Line64,112.4450857,7.637137526,72.30506573
427,Year2013,SAP,2,7,3,SAP_Year2013,Line18,114.0542016,8.07125649,68.82812623
428,Year2013,SAP,2,7,4,SAP_Year2013,Line55,123.7446416,6.048734607,47.14285186
429,Year2013,SAP,2,7,5,SAP_Year2013,Line76,109.0975674,6.270899169,59.45163444
430,Year2013,SAP,2,7,6,SAP_Year2013,Line52,122.3408819,6.796301387,49.7476622
431,Year2013,SAP,2,7,7,SAP_Year2013,Line2,122.2886853,7.451197328,54.67063234
432,Year2013,SAP,2,7,8,SAP_Year2013,Line5,121.0502736,7.632724228,61.00609043
433,Year2013,SAP,1,8,1,SAP_Year2013,Line9,117.6737067,4.43258757,32.89035186
434,Year2013,SAP,1,8,2,SAP_Year2013,Line43,117.1323348,6.214995739,52.52447098
435,Year2013,SAP,1,8,3,SAP_Year2013,Line76,117.7782155,6.848938805,61.8900862
436,Year2013,SAP,1,8,4,SAP_Year2013,Line27,110.1466767,7.255254792,58.513878
437,Year2013,SAP,1,8,5,SAP_Year2013,Line14,120.8028247,7.751513997,63.82811778
438,Year2013,SAP,1,8,6,SAP_Year2013,Line23,105.7705754,6.880470993,57.86015696
439,Year2013,SAP,1,8,7,SAP_Year2013,Line46,125.5486592,7.157869523,55.72999951
440,Year2013,SAP,1,8,8,SAP_Year2013,Line78,104.7860247,7.647574493,59.7042328
441,Year2013,SAP,2,8,1,SAP_Year2013,Line16,108.7592178,6.586622925,55.56807704
442,Year2013,SAP,2,8,2,SAP_Year2013,Line3,103.2845721,7.997282352,59.88186525
443,Year2013,SAP,2,8,3,SAP_Year2013,Line23,119.2276771,7.273080409,59.84441718
444,Year2013,SAP,2,8,4,SAP_Year2013,Line31,117.0854276,5.620515004,45.66162751
445,Year2013,SAP,2,8,5,SAP_Year2013,Line51,116.104891,7.527917061,56.57044794
446,Year2013,SAP,2,8,6,SAP_Year2013,Line71,107.6127327,5.857772115,46.13809721
447,Year2013,SAP,2,8,7,SAP_Year2013,Line69,128.0869565,9.079533766,68.68533885
448,Year2013,SAP,2,8,8,SAP_Year2013,Line37,130.2238085,7.975978099,71.92152058
449,Year2013,SAP,1,9,1,SAP_Year2013,Line34,111.3616998,7.419349726,51.22121644
450,Year2013,SAP,1,9,2,SAP_Year2013,Line40,115.570679,6.372754101,50.83040862
451,Year2013,SAP,1,9,3,SAP_Year2013,Line60,116.1828617,7.716412996,63.37479267
452,Year2013,SAP,1,9,4,SAP_Year2013,Line74,113.5416689,5.620226036,45.72349115
453,Year2013,SAP,1,9,5,SAP_Year2013,Line36,105.2620725,5.88374782,47.31738275
454,Year2013,SAP,1,9,6,SAP_Year2013,Line28,117.7681747,5.845548415,50.3574576
455,Year2013,SAP,1,9,7,SAP_Year2013,Line25,124.8172396,6.320006123,44.83447168
456,Year2013,SAP,1,9,8,SAP_Year2013,Line3,107.7045579,6.700937507,49.86426203
457,Year2013,SAP,2,9,1,SAP_Year2013,Line78,106.5901303,8.14524936,60.32838734
458,Year2013,SAP,2,9,2,SAP_Year2013,Line7,119.1905014,8.075037241,67.37903401
459,Year2013,SAP,2,9,3,SAP_Year2013,Line32,116.2520947,7.562202748,56.63441189
460,Year2013,SAP,2,9,4,SAP_Year2013,Line8,112.065839,7.202319809,62.15796887
461,Year2013,SAP,2,9,5,SAP_Year2013,Line72,127.9385706,8.838320812,73.42312329
462,Year2013,SAP,2,9,6,SAP_Year2013,Line19,107.8252374,6.607188015,56.39108158
463,Year2013,SAP,2,9,7,SAP_Year2013,Line28,116.6217036,5.356346712,44.0340515
464,Year2013,SAP,2,9,8,SAP_Year2013,Line22,124.6142049,5.772074221,51.39120204
465,Year2013,SAP,1,10,1,SAP_Year2013,Line31,107.6322665,5.571847188,44.0073397
466,Year2013,SAP,1,10,2,SAP_Year2013,Line75,115.7542474,7.123045718,63.20768688
467,Year2013,SAP,1,10,3,SAP_Year2013,Line61,110.891751,5.749197919,50.44083117
468,Year2013,SAP,1,10,4,SAP_Year2013,Line38,116.9809352,6.006007671,49.11641912
469,Year2013,SAP,1,10,5,SAP_Year2013,Line45,121.012174,7.628567732,68.03294278
470,Year2013,SAP,1,10,6,SAP_Year2013,Line10,112.3726772,6.079009951,55.72635224
471,Year2013,SAP,1,10,7,SAP_Year2013,Line54,108.9353864,6.5308803,47.61935914
472,Year2013,SAP,1,10,8,SAP_Year2013,Line5,127.1039848,7.643144536,56.88243148
473,Year2013,SAP,2,10,1,SAP_Year2013,Line63,117.7238543,7.67489573,66.96687483
474,Year2013,SAP,2,10,2,SAP_Year2013,Line30,116.1630947,6.837118656,47.82811263
475,Year2013,SAP,2,10,3,SAP_Year2013,Line67,129.3321655,6.722807151,56.35290988
476,Year2013,SAP,2,10,4,SAP_Year2013,Line75,114.1638569,6.791134777,59.1588771
477,Year2013,SAP,2,10,5,SAP_Year2013,Line41,126.2851276,6.4280222,48.09448865
478,Year2013,SAP,2,10,6,SAP_Year2013,Line17,111.3197718,6.32076523,54.87532497
479,Year2013,SAP,2,10,7,SAP_Year2013,Line21,125.1911979,7.089166823,60.20144481
480,Year2013,SAP,2,10,8,SAP_Year2013,Line14,121.3505683,6.889546776,56.0380018
481,Year2014,SRR,1,1,1,SRR_Year2014,Line2,97.36818519,8.266237669,58.81124535
482,Year2014,SRR,1,1,2,SRR_Year2014,Line26,96.28732777,6.827644405,53.85505053
483,Year2014,SRR,1,1,3,SRR_Year2014,Line59,88.27189673,7.254415574,62.30926312
484,Year2014,SRR,1,1,4,SRR_Year2014,Line55,79.90284114,6.60945147,50.51193133
485,Year2014,SRR,1,1,5,SRR_Year2014,Line27,88.50729337,6.642257083,60.02312693
486,Year2014,SRR,1,1,6,SRR_Year2014,Line50,92.99845364,7.321938384,62.43889521
487,Year2014,SRR,1,1,7,SRR_Year2014,Line36,91.12516824,7.133642417,58.64823408
488,Year2014,SRR,1,1,8,SRR_Year2014,Line17,83.52621273,7.022839164,55.31770341
489,Year2014,SRR,2,1,1,SRR_Year2014,Line54,89.62527571,7.634975803,60.52099715
490,Year2014,SRR,2,1,2,SRR_Year2014,Line61,97.50990101,6.091800443,54.93030819
491,Year2014,SRR,2,1,3,SRR_Year2014,Line33,90.80203631,6.157110952,48.64749548
492,Year2014,SRR,2,1,4,SRR_Year2014,Line64,108.4126161,6.771283939,54.85274406
493,Year2014,SRR,2,1,5,SRR_Year2014,Line17,87.69655535,5.947906234,47.31309465
494,Year2014,SRR,2,1,6,SRR_Year2014,Line62,78.08208439,6.169660396,53.79435839
495,Year2014,SRR,2,1,7,SRR_Year2014,Line49,87.46273805,6.250833549,55.67384341
496,Year2014,SRR,2,1,8,SRR_Year2014,Line35,81.68746367,6.933524448,49.76419837
497,Year2014,SRR,1,2,1,SRR_Year2014,Line20,82.98416555,7.536039748,63.86443137
498,Year2014,SRR,1,2,2,SRR_Year2014,Line1,91.59861974,6.948989559,57.4049578
499,Year2014,SRR,1,2,3,SRR_Year2014,Line28,83.52334679,5.761765593,43.94620842
500,Year2014,SRR,1,2,4,SRR_Year2014,Line32,97.85329582,7.318801566,57.21705248
501,Year2014,SRR,1,2,5,SRR_Year2014,Line38,92.20169199,6.777956679,57.75030693
502,Year2014,SRR,1,2,6,SRR_Year2014,Line16,100.6801576,6.220653731,53.60306696
503,Year2014,SRR,1,2,7,SRR_Year2014,Line21,94.73922721,7.143920208,60.72252959
504,Year2014,SRR,1,2,8,SRR_Year2014,Line70,101.0554981,5.972583142,45.25459739
505,Year2014,SRR,2,2,1,SRR_Year2014,Line37,100.7848491,6.863545802,58.26949099
506,Year2014,SRR,2,2,2,SRR_Year2014,Line11,104.3137562,6.180040987,58.41467153
507,Year2014,SRR,2,2,3,SRR_Year2014,Line59,90.72863791,6.376601402,49.98232277
508,Year2014,SRR,2,2,4,SRR_Year2014,Line18,79.89706262,7.600702874,57.60187694
509,Year2014,SRR,2,2,5,SRR_Year2014,Line14,91.81024355,6.376969473,54.94959625
510,Year2014,SRR,2,2,6,SRR_Year2014,Line74,90.8650907,6.660088059,56.77578452
511,Year2014,SRR,2,2,7,SRR_Year2014,Line4,90.45607599,6.043943418,50.51101797
512,Year2014,SRR,2,2,8,SRR_Year2014,Line32,100.732527,7.529063227,58.06129603
513,Year2014,SRR,1,3,1,SRR_Year2014,Line78,87.94443185,6.94817199,51.27494971
514,Year2014,SRR,1,3,2,SRR_Year2014,Line40,90.25960387,6.181646258,47.32026705
515,Year2014,SRR,1,3,3,SRR_Year2014,Line11,90.10665442,6.404784323,57.67609611
516,Year2014,SRR,1,3,4,SRR_Year2014,Line5,88.62512063,6.87666786,62.61700003
517,Year2014,SRR,1,3,5,SRR_Year2014,Line12,90.21558522,6.434678076,52.79106063
518,Year2014,SRR,1,3,6,SRR_Year2014,Line42,85.63150093,6.959956154,55.77311926
519,Year2014,SRR,1,3,7,SRR_Year2014,Line65,92.24971233,8.178910809,72.81367684
520,Year2014,SRR,1,3,8,SRR_Year2014,Line54,85.83286186,6.852880763,51.40048448
521,Year2014,SRR,2,3,1,SRR_Year2014,Line7,92.07695592,7.5385756,59.78704626
522,Year2014,SRR,2,3,2,SRR_Year2014,Line9,89.73503539,5.724326027,43.91692666
523,Year2014,SRR,2,3,3,SRR_Year2014,Line50,87.59785593,7.41064522,60.08961683
524,Year2014,SRR,2,3,4,SRR_Year2014,Line22,99.41783957,6.39536872,54.10414242
525,Year2014,SRR,2,3,5,SRR_Year2014,Line44,82.4584147,6.466617968,51.38829457
526,Year2014,SRR,2,3,6,SRR_Year2014,Line19,95.07978635,6.92987534,49.39408035
527,Year2014,SRR,2,3,7,SRR_Year2014,Line51,88.90149762,7.963654064,65.34299687
528,Year2014,SRR,2,3,8,SRR_Year2014,Line20,86.39999273,7.345116245,61.43787054
529,Year2014,SRR,1,4,1,SRR_Year2014,Line25,103.4599963,6.23132537,44.5022747
530,Year2014,SRR,1,4,2,SRR_Year2014,Line68,99.35995184,6.687032486,57.45560148
531,Year2014,SRR,1,4,3,SRR_Year2014,Line76,86.99946006,7.318318149,62.94892354
532,Year2014,SRR,1,4,4,SRR_Year2014,Line73,85.95268094,7.32494956,58.66685584
533,Year2014,SRR,1,4,5,SRR_Year2014,Line62,79.19133445,6.370934468,59.51018698
534,Year2014,SRR,1,4,6,SRR_Year2014,Line56,96.18194061,5.728409623,45.46921904
535,Year2014,SRR,1,4,7,SRR_Year2014,Line58,100.9065635,6.180277838,52.10189627
536,Year2014,SRR,1,4,8,SRR_Year2014,Line51,82.19972906,7.187235646,61.77699314
537,Year2014,SRR,2,4,1,SRR_Year2014,Line16,98.2026422,6.59690393,53.09068192
538,Year2014,SRR,2,4,2,SRR_Year2014,Line23,88.91245955,7.139592862,53.9326426
539,Year2014,SRR,2,4,3,SRR_Year2014,Line48,83.16628144,5.499100941,40.77024515
540,Year2014,SRR,2,4,4,SRR_Year2014,Line45,84.65480587,7.456928518,64.16894546
541,Year2014,SRR,2,4,5,SRR_Year2014,Line25,91.1915418,7.063962869,52.94817506
542,Year2014,SRR,2,4,6,SRR_Year2014,Line30,96.33173563,7.861962864,56.34619447
543,Year2014,SRR,2,4,7,SRR_Year2014,Line15,99.20718329,7.594016572,68.38426917
544,Year2014,SRR,2,4,8,SRR_Year2014,Line2,97.44119095,7.231756965,51.09777107
545,Year2014,SRR,1,5,1,SRR_Year2014,Line31,89.9264971,5.433675293,40.25640113
546,Year2014,SRR,1,5,2,SRR_Year2014,Line77,84.17254284,6.342411651,52.28322987
547,Year2014,SRR,1,5,3,SRR_Year2014,Line39,93.21645583,6.409184401,47.99013133
548,Year2014,SRR,1,5,4,SRR_Year2014,Line64,104.7686986,6.597714097,54.72670857
549,Year2014,SRR,1,5,5,SRR_Year2014,Line15,103.4132903,6.7618028,56.65822826
550,Year2014,SRR,1,5,6,SRR_Year2014,Line9,89.43059318,5.280909849,42.92048643
551,Year2014,SRR,1,5,7,SRR_Year2014,Line37,96.37542975,7.133663516,60.16184338
552,Year2014,SRR,1,5,8,SRR_Year2014,Line63,99.24040771,7.701983508,65.78625287
553,Year2014,SRR,2,5,1,SRR_Year2014,Line29,84.68417268,7.211910317,63.07667667
554,Year2014,SRR,2,5,2,SRR_Year2014,Line60,82.53231291,6.91609323,56.13002989
555,Year2014,SRR,2,5,3,SRR_Year2014,Line28,85.29524283,5.296478974,41.97084287
556,Year2014,SRR,2,5,4,SRR_Year2014,Line80,91.97311189,7.118953833,64.92430148
557,Year2014,SRR,2,5,5,SRR_Year2014,Line43,82.5535283,5.746577939,55.94521819
558,Year2014,SRR,2,5,6,SRR_Year2014,Line68,99.45986946,6.85267093,58.68939025
559,Year2014,SRR,2,5,7,SRR_Year2014,Line3,98.23616656,7.323619826,49.27871393
560,Year2014,SRR,2,5,8,SRR_Year2014,Line65,98.51538088,7.99965112,70.50875432
561,Year2014,SRR,1,6,1,SRR_Year2014,Line45,91.63127763,7.136101059,60.95311554
562,Year2014,SRR,1,6,2,SRR_Year2014,Line61,92.93706189,6.361294005,55.60636663
563,Year2014,SRR,1,6,3,SRR_Year2014,Line75,81.77404306,7.113168355,56.83840305
564,Year2014,SRR,1,6,4,SRR_Year2014,Line60,94.89846642,7.360595773,53.29239552
565,Year2014,SRR,1,6,5,SRR_Year2014,Line24,87.25056497,6.61897401,58.03615148
566,Year2014,SRR,1,6,6,SRR_Year2014,Line19,94.9225873,7.759496189,61.07382442
567,Year2014,SRR,1,6,7,SRR_Year2014,Line4,92.45447622,6.736364249,63.18278762
568,Year2014,SRR,1,6,8,SRR_Year2014,Line67,87.8855747,6.076700686,48.57618418
569,Year2014,SRR,2,6,1,SRR_Year2014,Line56,99.43848004,6.014206537,45.87882609
570,Year2014,SRR,2,6,2,SRR_Year2014,Line71,95.059206,5.881579073,42.87893887
571,Year2014,SRR,2,6,3,SRR_Year2014,Line57,108.8776041,6.603568136,58.56435149
572,Year2014,SRR,2,6,4,SRR_Year2014,Line26,94.72250168,6.572313107,53.50762432
573,Year2014,SRR,2,6,5,SRR_Year2014,Line39,91.5836289,6.84275588,50.77513171
574,Year2014,SRR,2,6,6,SRR_Year2014,Line38,104.1030158,5.571947183,46.7532124
575,Year2014,SRR,2,6,7,SRR_Year2014,Line67,90.95830496,7.046684663,59.16583159
576,Year2014,SRR,2,6,8,SRR_Year2014,Line40,93.1542107,6.202685393,46.64826284
577,Year2014,SRR,1,7,1,SRR_Year2014,Line71,89.90267219,5.711907113,44.0471251
578,Year2014,SRR,1,7,2,SRR_Year2014,Line49,88.6514034,6.919822256,61.07334356
579,Year2014,SRR,1,7,3,SRR_Year2014,Line18,82.25662262,6.771303322,49.60196987
580,Year2014,SRR,1,7,4,SRR_Year2014,Line66,95.55469307,7.205933697,59.39920535
581,Year2014,SRR,1,7,5,SRR_Year2014,Line8,90.62586915,8.3757144,59.03377148
582,Year2014,SRR,1,7,6,SRR_Year2014,Line80,91.7637142,6.284688986,56.03296941
583,Year2014,SRR,1,7,7,SRR_Year2014,Line7,92.59574836,7.18557943,51.47537234
584,Year2014,SRR,1,7,8,SRR_Year2014,Line79,89.04181187,6.868234864,54.33055091
585,Year2014,SRR,2,7,1,SRR_Year2014,Line6,100.4394164,8.022259258,60.02025136
586,Year2014,SRR,2,7,2,SRR_Year2014,Line41,92.49500102,7.04566137,58.04234858
587,Year2014,SRR,2,7,3,SRR_Year2014,Line78,88.58616511,8.243478218,58.86257183
588,Year2014,SRR,2,7,4,SRR_Year2014,Line34,104.5372242,7.852855958,60.03890594
589,Year2014,SRR,2,7,5,SRR_Year2014,Line8,93.91783931,6.988884257,49.82512466
590,Year2014,SRR,2,7,6,SRR_Year2014,Line77,93.15770803,5.523976862,44.56647975
591,Year2014,SRR,2,7,7,SRR_Year2014,Line24,89.31251142,6.206292023,52.26974798
592,Year2014,SRR,2,7,8,SRR_Year2014,Line36,78.34540186,6.071672161,50.12555965
593,Year2014,SRR,1,8,1,SRR_Year2014,Line22,106.2890581,6.468981259,59.23172673
594,Year2014,SRR,1,8,2,SRR_Year2014,Line35,76.11009621,7.340789616,55.50423423
595,Year2014,SRR,1,8,3,SRR_Year2014,Line29,97.33181468,6.792520743,57.19663507
596,Year2014,SRR,1,8,4,SRR_Year2014,Line14,94.99242805,6.510848392,51.11095946
597,Year2014,SRR,1,8,5,SRR_Year2014,Line48,85.06569268,5.508811199,41.49732199
598,Year2014,SRR,1,8,6,SRR_Year2014,Line6,87.85969387,7.539775758,56.02784808
599,Year2014,SRR,1,8,7,SRR_Year2014,Line47,83.16870568,7.065380922,56.47911058
600,Year2014,SRR,1,8,8,SRR_Year2014,Line10,92.58398127,7.016290124,56.10822829
601,Year2014,SRR,2,8,1,SRR_Year2014,Line52,97.69602573,7.352412723,69.2718688
602,Year2014,SRR,2,8,2,SRR_Year2014,Line27,91.1646245,6.806517025,57.22098639
603,Year2014,SRR,2,8,3,SRR_Year2014,Line5,82.44978112,6.368707606,55.17903003
604,Year2014,SRR,2,8,4,SRR_Year2014,Line1,95.9805767,7.092380281,58.88572315
605,Year2014,SRR,2,8,5,SRR_Year2014,Line47,78.64974215,8.123915347,68.17635151
606,Year2014,SRR,2,8,6,SRR_Year2014,Line75,86.53319979,6.875257461,57.62632482
607,Year2014,SRR,2,8,7,SRR_Year2014,Line72,90.04320467,9.044551805,74.333108
608,Year2014,SRR,2,8,8,SRR_Year2014,Line58,103.0936722,7.086565417,63.33483346
609,Year2014,SRR,1,9,1,SRR_Year2014,Line53,107.4242263,7.753856147,69.71696331
610,Year2014,SRR,1,9,2,SRR_Year2014,Line41,89.60756799,6.314164975,54.69384305
611,Year2014,SRR,1,9,3,SRR_Year2014,Line30,103.1272075,7.264433693,52.45200918
612,Year2014,SRR,1,9,4,SRR_Year2014,Line52,105.0268218,7.395416367,65.2370313
613,Year2014,SRR,1,9,5,SRR_Year2014,Line33,84.72198711,5.225343413,41.73194702
614,Year2014,SRR,1,9,6,SRR_Year2014,Line46,106.1730737,7.716046892,63.90677268
615,Year2014,SRR,1,9,7,SRR_Year2014,Line3,100.0013502,6.831868351,53.63377268
616,Year2014,SRR,1,9,8,SRR_Year2014,Line57,97.58675565,6.202445879,53.33819819
617,Year2014,SRR,2,9,1,SRR_Year2014,Line12,91.87660093,5.471915867,46.68746081
618,Year2014,SRR,2,9,2,SRR_Year2014,Line55,95.77070716,7.639709885,56.51357375
619,Year2014,SRR,2,9,3,SRR_Year2014,Line46,111.6050913,8.146937313,65.93088594
620,Year2014,SRR,2,9,4,SRR_Year2014,Line70,104.8318995,6.560524438,51.24457151
621,Year2014,SRR,2,9,5,SRR_Year2014,Line76,84.08015176,6.259998654,54.78442358
622,Year2014,SRR,2,9,6,SRR_Year2014,Line31,85.60746162,6.458331346,45.59942
623,Year2014,SRR,2,9,7,SRR_Year2014,Line69,99.32561341,7.792705682,53.4237025
624,Year2014,SRR,2,9,8,SRR_Year2014,Line66,98.16248385,7.628501063,67.75231865
625,Year2014,SRR,1,10,1,SRR_Year2014,Line69,88.14862227,8.882182253,67.68088804
626,Year2014,SRR,1,10,2,SRR_Year2014,Line74,76.5734231,6.575508661,54.8923916
627,Year2014,SRR,1,10,3,SRR_Year2014,Line23,80.25374928,6.411023453,56.05027703
628,Year2014,SRR,1,10,4,SRR_Year2014,Line72,94.02534681,7.495520461,67.46318315
629,Year2014,SRR,1,10,5,SRR_Year2014,Line44,81.62691911,6.185130796,49.43107537
630,Year2014,SRR,1,10,6,SRR_Year2014,Line13,93.27083179,8.176069434,75.0410251
631,Year2014,SRR,1,10,7,SRR_Year2014,Line34,104.3144342,7.40292508,60.68529115
632,Year2014,SRR,1,10,8,SRR_Year2014,Line43,79.64207493,6.298752427,61.56324712
633,Year2014,SRR,2,10,1,SRR_Year2014,Line73,92.89222633,6.877915583,55.21287068
634,Year2014,SRR,2,10,2,SRR_Year2014,Line13,88.65982719,8.075558266,74.532047
635,Year2014,SRR,2,10,3,SRR_Year2014,Line10,102.2461463,7.048927491,60.84108118
636,Year2014,SRR,2,10,4,SRR_Year2014,Line21,95.45507952,7.361245604,63.89710925
637,Year2014,SRR,2,10,5,SRR_Year2014,Line63,92.71691621,8.461740747,69.06214901
638,Year2014,SRR,2,10,6,SRR_Year2014,Line53,108.3574733,7.957137306,68.26033668
639,Year2014,SRR,2,10,7,SRR_Year2014,Line42,96.88561571,6.7180931,50.8065753
640,Year2014,SRR,2,10,8,SRR_Year2014,Line79,87.19007507,7.461972022,60.10249062
641,Year2014,UKA,1,1,1,UKA_Year2014,Line11,105.6134402,5.827767222,57.70392644
642,Year2014,UKA,1,1,2,UKA_Year2014,Line66,102.2249945,7.487758638,62.26072633
643,Year2014,UKA,1,1,3,UKA_Year2014,Line27,113.8754516,7.081215397,54.69540904
644,Year2014,UKA,1,1,4,UKA_Year2014,Line49,101.4321988,6.131457737,53.29810328
645,Year2014,UKA,1,1,5,UKA_Year2014,Line68,105.6223463,7.747119719,68.25005864
646,Year2014,UKA,1,1,6,UKA_Year2014,Line23,95.13270581,6.623903586,56.19591475
647,Year2014,UKA,1,1,7,UKA_Year2014,Line26,104.399701,6.627902646,56.04310104
648,Year2014,UKA,1,1,8,UKA_Year2014,Line22,110.3576608,6.443873666,61.36494898
649,Year2014,UKA,2,1,1,UKA_Year2014,Line68,106.1030303,7.235557027,60.6836488
650,Year2014,UKA,2,1,2,UKA_Year2014,Line77,94.15246668,6.278480728,49.43035119
651,Year2014,UKA,2,1,3,UKA_Year2014,Line69,102.4542572,8.209727182,60.02059153
652,Year2014,UKA,2,1,4,UKA_Year2014,Line54,95.26264093,5.850200014,45.89222818
653,Year2014,UKA,2,1,5,UKA_Year2014,Line63,108.0672393,7.147270787,63.01701558
654,Year2014,UKA,2,1,6,UKA_Year2014,Line76,88.48968065,6.247117235,56.89020917
655,Year2014,UKA,2,1,7,UKA_Year2014,Line73,102.3551919,6.886635082,54.35251472
656,Year2014,UKA,2,1,8,UKA_Year2014,Line3,103.8089378,6.511565181,47.42334118
657,Year2014,UKA,1,2,1,UKA_Year2014,Line33,86.360738,6.204454773,49.22683771
658,Year2014,UKA,1,2,2,UKA_Year2014,Line18,101.5556522,7.221718636,59.87509149
659,Year2014,UKA,1,2,3,UKA_Year2014,Line67,102.3633328,6.687961351,61.43646658
660,Year2014,UKA,1,2,4,UKA_Year2014,Line74,93.68490051,6.34435195,52.27114309
661,Year2014,UKA,1,2,5,UKA_Year2014,Line69,121.0582051,8.725290891,65.75057718
662,Year2014,UKA,1,2,6,UKA_Year2014,Line70,109.089591,6.445174853,46.57302961
663,Year2014,UKA,1,2,7,UKA_Year2014,Line15,105.9560323,7.917731225,64.94260624
664,Year2014,UKA,1,2,8,UKA_Year2014,Line19,101.0091013,6.993327498,55.41835437
665,Year2014,UKA,2,2,1,UKA_Year2014,Line75,103.1373095,6.586032374,58.22556611
666,Year2014,UKA,2,2,2,UKA_Year2014,Line15,100.4128077,7.559144218,61.29802587
667,Year2014,UKA,2,2,3,UKA_Year2014,Line51,102.1005892,7.484734484,65.60555889
668,Year2014,UKA,2,2,4,UKA_Year2014,Line29,98.08426276,8.031354169,70.616322
669,Year2014,UKA,2,2,5,UKA_Year2014,Line57,102.3855266,5.671026474,49.91137521
670,Year2014,UKA,2,2,6,UKA_Year2014,Line34,104.7006183,8.296437998,53.70561485
671,Year2014,UKA,2,2,7,UKA_Year2014,Line39,109.2910347,7.35225256,57.31594054
672,Year2014,UKA,2,2,8,UKA_Year2014,Line11,102.1545026,6.278957088,63.17859905
673,Year2014,UKA,1,3,1,UKA_Year2014,Line60,102.8548271,6.011323554,42.95505011
674,Year2014,UKA,1,3,2,UKA_Year2014,Line36,103.4663359,6.99217899,50.49672254
675,Year2014,UKA,1,3,3,UKA_Year2014,Line55,107.9490238,6.68235895,55.92010873
676,Year2014,UKA,1,3,4,UKA_Year2014,Line29,95.11187304,8.020053372,68.98243344
677,Year2014,UKA,1,3,5,UKA_Year2014,Line12,95.59821662,7.199964253,67.70892787
678,Year2014,UKA,1,3,6,UKA_Year2014,Line65,94.99966325,7.18044066,59.49246196
679,Year2014,UKA,1,3,7,UKA_Year2014,Line37,113.7664489,6.827072971,54.3910231
680,Year2014,UKA,1,3,8,UKA_Year2014,Line35,103.3227981,6.409819608,45.84396263
681,Year2014,UKA,2,3,1,UKA_Year2014,Line25,107.946148,6.628170138,48.77810347
682,Year2014,UKA,2,3,2,UKA_Year2014,Line48,102.8452034,6.445373007,49.65444817
683,Year2014,UKA,2,3,3,UKA_Year2014,Line33,83.66696015,5.838219422,43.13902045
684,Year2014,UKA,2,3,4,UKA_Year2014,Line66,101.7813752,7.833715508,63.75388573
685,Year2014,UKA,2,3,5,UKA_Year2014,Line4,93.53060712,5.058346723,43.77429606
686,Year2014,UKA,2,3,6,UKA_Year2014,Line32,98.63418584,6.312330045,50.74623832
687,Year2014,UKA,2,3,7,UKA_Year2014,Line59,96.13075401,6.337974415,55.20144959
688,Year2014,UKA,2,3,8,UKA_Year2014,Line37,117.3386597,6.381615079,48.01232805
689,Year2014,UKA,1,4,1,UKA_Year2014,Line20,117.7485596,7.508824072,53.21890936
690,Year2014,UKA,1,4,2,UKA_Year2014,Line17,101.9966111,5.659905324,45.59817766
691,Year2014,UKA,1,4,3,UKA_Year2014,Line25,102.7628018,6.432840977,44.21633222
692,Year2014,UKA,1,4,4,UKA_Year2014,Line56,96.31900392,6.179901034,52.61479979
693,Year2014,UKA,1,4,5,UKA_Year2014,Line9,105.3962717,6.269271812,45.9510998
694,Year2014,UKA,1,4,6,UKA_Year2014,Line34,115.6771528,9.074814159,64.68293685
695,Year2014,UKA,1,4,7,UKA_Year2014,Line73,118.4350114,7.680237733,64.35554295
696,Year2014,UKA,1,4,8,UKA_Year2014,Line43,100.7419482,5.116366672,42.25391614
697,Year2014,UKA,2,4,1,UKA_Year2014,Line72,113.216421,7.931739719,62.16842057
698,Year2014,UKA,2,4,2,UKA_Year2014,Line56,98.59235295,5.542101131,46.64756494
699,Year2014,UKA,2,4,3,UKA_Year2014,Line40,99.61464689,6.235482958,47.01583683
700,Year2014,UKA,2,4,4,UKA_Year2014,Line52,124.6290741,7.040086616,59.49956698
701,Year2014,UKA,2,4,5,UKA_Year2014,Line5,92.54109187,6.615701711,53.89627152
702,Year2014,UKA,2,4,6,UKA_Year2014,Line60,105.0256763,5.784083839,43.24133036
703,Year2014,UKA,2,4,7,UKA_Year2014,Line67,104.3487291,7.573212512,66.75423094
704,Year2014,UKA,2,4,8,UKA_Year2014,Line42,117.243392,6.264186209,53.86979036
705,Year2014,UKA,1,5,1,UKA_Year2014,Line48,93.0289949,5.024477612,39.03632945
706,Year2014,UKA,1,5,2,UKA_Year2014,Line46,106.2763009,8.396093379,64.36594161
707,Year2014,UKA,1,5,3,UKA_Year2014,Line63,105.0141655,6.676671398,61.53043264
708,Year2014,UKA,1,5,4,UKA_Year2014,Line2,102.6722981,5.954956509,40.1190506
709,Year2014,UKA,1,5,5,UKA_Year2014,Line1,112.8043905,6.587337527,55.30969298
710,Year2014,UKA,1,5,6,UKA_Year2014,Line38,103.579107,5.518903616,45.509029
711,Year2014,UKA,1,5,7,UKA_Year2014,Line5,79.04389951,6.609814932,59.8393192
712,Year2014,UKA,1,5,8,UKA_Year2014,Line44,100.16581,7.411856332,54.71017874
713,Year2014,UKA,2,5,1,UKA_Year2014,Line35,109.1003177,7.041385782,56.3909807
714,Year2014,UKA,2,5,2,UKA_Year2014,Line47,97.44371816,7.159348733,57.77716051
715,Year2014,UKA,2,5,3,UKA_Year2014,Line61,102.962305,5.641073641,47.46736302
716,Year2014,UKA,2,5,4,UKA_Year2014,Line1,103.9690662,7.222824668,57.46635858
717,Year2014,UKA,2,5,5,UKA_Year2014,Line31,109.14505,4.861608629,35.68371422
718,Year2014,UKA,2,5,6,UKA_Year2014,Line50,99.01211605,6.558974652,55.7638711
719,Year2014,UKA,2,5,7,UKA_Year2014,Line14,102.7595266,6.264148214,48.70864318
720,Year2014,UKA,2,5,8,UKA_Year2014,Line23,92.55386216,6.30522938,51.70170249
721,Year2014,UKA,1,6,1,UKA_Year2014,Line78,89.31460153,6.627448977,48.43077915
722,Year2014,UKA,1,6,2,UKA_Year2014,Line10,102.6644394,7.076283246,60.6998418
723,Year2014,UKA,1,6,3,UKA_Year2014,Line51,102.7964099,7.215402805,61.21210795
724,Year2014,UKA,1,6,4,UKA_Year2014,Line50,102.7797356,6.427768761,53.77623077
725,Year2014,UKA,1,6,5,UKA_Year2014,Line52,130.0050652,7.425727178,66.89780979
726,Year2014,UKA,1,6,6,UKA_Year2014,Line77,92.73518011,6.399371893,56.14551714
727,Year2014,UKA,1,6,7,UKA_Year2014,Line30,104.5972941,8.076303774,65.44978186
728,Year2014,UKA,1,6,8,UKA_Year2014,Line79,102.8369716,6.089455294,47.59484434
729,Year2014,UKA,2,6,1,UKA_Year2014,Line74,95.55207923,6.423503652,56.13039379
730,Year2014,UKA,2,6,2,UKA_Year2014,Line78,89.9878938,7.43297329,49.51354845
731,Year2014,UKA,2,6,3,UKA_Year2014,Line41,88.38652697,7.297702454,56.1762482
732,Year2014,UKA,2,6,4,UKA_Year2014,Line80,107.7574418,6.271531052,52.26037034
733,Year2014,UKA,2,6,5,UKA_Year2014,Line20,112.131245,7.253923931,53.02787369
734,Year2014,UKA,2,6,6,UKA_Year2014,Line65,102.5687774,7.374038349,61.66965222
735,Year2014,UKA,2,6,7,UKA_Year2014,Line53,114.2276932,8.417815806,74.8505487
736,Year2014,UKA,2,6,8,UKA_Year2014,Line2,98.4631468,6.800259107,48.18872279
737,Year2014,UKA,1,7,1,UKA_Year2014,Line31,108.2794927,4.968094163,35.21575135
738,Year2014,UKA,1,7,2,UKA_Year2014,Line57,113.2523852,6.762535885,57.81090056
739,Year2014,UKA,1,7,3,UKA_Year2014,Line45,99.64786403,6.110434419,50.40715418
740,Year2014,UKA,1,7,4,UKA_Year2014,Line13,108.5680739,7.631529983,76.9971556
741,Year2014,UKA,1,7,5,UKA_Year2014,Line8,102.6254638,7.784405643,63.02213598
742,Year2014,UKA,1,7,6,UKA_Year2014,Line59,105.0106553,7.267350898,63.78400158
743,Year2014,UKA,1,7,7,UKA_Year2014,Line64,109.0603859,6.5680806,55.11517223
744,Year2014,UKA,1,7,8,UKA_Year2014,Line53,115.9002502,7.184204972,61.95895437
745,Year2014,UKA,2,7,1,UKA_Year2014,Line27,106.8121844,6.810038547,55.25867415
746,Year2014,UKA,2,7,2,UKA_Year2014,Line7,112.150485,6.798568095,55.84006522
747,Year2014,UKA,2,7,3,UKA_Year2014,Line13,107.1891473,7.17653786,65.43803859
748,Year2014,UKA,2,7,4,UKA_Year2014,Line44,99.98539489,7.046733793,52.88595212
749,Year2014,UKA,2,7,5,UKA_Year2014,Line6,93.43148993,6.941740456,46.97035418
750,Year2014,UKA,2,7,6,UKA_Year2014,Line16,94.15559318,6.155544289,53.23641646
751,Year2014,UKA,2,7,7,UKA_Year2014,Line43,102.5833661,5.679696587,54.25630509
752,Year2014,UKA,2,7,8,UKA_Year2014,Line10,99.59497027,6.7902266,59.37169963
753,Year2014,UKA,1,8,1,UKA_Year2014,Line14,100.6183257,5.991672035,48.80741674
754,Year2014,UKA,1,8,2,UKA_Year2014,Line58,111.0868075,6.228825716,42.98592268
755,Year2014,UKA,1,8,3,UKA_Year2014,Line54,83.23356578,5.238589356,41.98731801
756,Year2014,UKA,1,8,4,UKA_Year2014,Line4,101.1823279,5.300476913,49.37870967
757,Year2014,UKA,1,8,5,UKA_Year2014,Line62,92.7382005,6.299321024,59.46795824
758,Year2014,UKA,1,8,6,UKA_Year2014,Line39,94.26908851,7.427298503,51.74005605
759,Year2014,UKA,1,8,7,UKA_Year2014,Line42,104.9299154,6.491522729,55.64778998
760,Year2014,UKA,1,8,8,UKA_Year2014,Line6,93.22732849,7.309133766,52.91330521
761,Year2014,UKA,2,8,1,UKA_Year2014,Line45,97.43936745,5.464687059,46.08739424
762,Year2014,UKA,2,8,2,UKA_Year2014,Line24,91.4809561,6.342854686,59.82420149
763,Year2014,UKA,2,8,3,UKA_Year2014,Line71,102.3056521,6.816998151,48.11248605
764,Year2014,UKA,2,8,4,UKA_Year2014,Line19,93.03332207,7.163237463,54.0774791
765,Year2014,UKA,2,8,5,UKA_Year2014,Line12,95.10635994,6.163161742,55.5165531
766,Year2014,UKA,2,8,6,UKA_Year2014,Line46,112.9613465,8.871790004,64.42534117
767,Year2014,UKA,2,8,7,UKA_Year2014,Line62,92.29548912,6.307561783,61.02846533
768,Year2014,UKA,2,8,8,UKA_Year2014,Line49,102.7688573,5.955632399,51.03954553
769,Year2014,UKA,1,9,1,UKA_Year2014,Line41,94.7789478,5.80906418,46.45078818
770,Year2014,UKA,1,9,2,UKA_Year2014,Line3,106.8391739,7.745751561,60.32001667
771,Year2014,UKA,1,9,3,UKA_Year2014,Line16,103.6560533,6.281122488,55.44047671
772,Year2014,UKA,1,9,4,UKA_Year2014,Line71,88.09976035,7.200524496,50.72319534
773,Year2014,UKA,1,9,5,UKA_Year2014,Line40,108.5491687,6.372063768,47.45320052
774,Year2014,UKA,1,9,6,UKA_Year2014,Line47,94.62775712,6.666999397,50.64203983
775,Year2014,UKA,1,9,7,UKA_Year2014,Line21,108.3053591,7.100017269,60.73229321
776,Year2014,UKA,1,9,8,UKA_Year2014,Line28,95.35512918,6.254533963,49.0787423
777,Year2014,UKA,2,9,1,UKA_Year2014,Line38,93.8758581,5.280194643,46.27428022
778,Year2014,UKA,2,9,2,UKA_Year2014,Line22,106.1089557,6.247129496,55.93826942
779,Year2014,UKA,2,9,3,UKA_Year2014,Line64,104.6612446,6.846640374,62.12873817
780,Year2014,UKA,2,9,4,UKA_Year2014,Line21,114.7003105,6.680570539,53.67288459
781,Year2014,UKA,2,9,5,UKA_Year2014,Line55,114.9464506,5.781787895,45.78493929
782,Year2014,UKA,2,9,6,UKA_Year2014,Line70,111.7565322,6.172887034,48.20942981
783,Year2014,UKA,2,9,7,UKA_Year2014,Line30,108.9435909,7.715071428,59.00872773
784,Year2014,UKA,2,9,8,UKA_Year2014,Line9,103.4589627,6.614015887,48.97908252
785,Year2014,UKA,1,10,1,UKA_Year2014,Line80,108.3103088,5.551279937,45.72726957
786,Year2014,UKA,1,10,2,UKA_Year2014,Line75,111.0772435,6.237640866,53.34031959
787,Year2014,UKA,1,10,3,UKA_Year2014,Line76,93.07759787,6.180209548,53.17667244
788,Year2014,UKA,1,10,4,UKA_Year2014,Line7,105.6476215,7.473048785,59.70567847
789,Year2014,UKA,1,10,5,UKA_Year2014,Line61,107.0728419,6.224217231,55.8201454
790,Year2014,UKA,1,10,6,UKA_Year2014,Line72,108.3281267,8.284154678,66.18269969
791,Year2014,UKA,1,10,7,UKA_Year2014,Line24,101.8900311,6.072993029,56.35801168
792,Year2014,UKA,1,10,8,UKA_Year2014,Line32,96.26134739,6.81482286,51.24155081
793,Year2014,UKA,2,10,1,UKA_Year2014,Line26,103.8548134,6.589782921,50.00944513
794,Year2014,UKA,2,10,2,UKA_Year2014,Line36,108.4623505,6.369790864,48.48174987
795,Year2014,UKA,2,10,3,UKA_Year2014,Line28,93.58993009,5.408371008,42.85402019
796,Year2014,UKA,2,10,4,UKA_Year2014,Line58,111.4193464,6.277432492,47.52283202
797,Year2014,UKA,2,10,5,UKA_Year2014,Line79,107.451197,6.754299156,48.40075513
798,Year2014,UKA,2,10,6,UKA_Year2014,Line8,100.8453199,7.41602051,59.37393348
799,Year2014,UKA,2,10,7,UKA_Year2014,Line17,101.2431625,6.020423544,48.23723764
800,Year2014,UKA,2,10,8,UKA_Year2014,Line18,99.52388181,6.349314049,51.75781276
801,Year2014,SAP,1,1,1,SAP_Year2014,Line24,96.1766096,6.324520182,55.16753225
802,Year2014,SAP,1,1,2,SAP_Year2014,Line20,114.1406562,7.075449984,55.97780221
803,Year2014,SAP,1,1,3,SAP_Year2014,Line48,97.73829188,5.249831759,40.84560515
804,Year2014,SAP,1,1,4,SAP_Year2014,Line72,106.8468497,6.352847995,49.49410675
805,Year2014,SAP,1,1,5,SAP_Year2014,Line63,113.7637043,7.355040828,59.44674366
806,Year2014,SAP,1,1,6,SAP_Year2014,Line37,118.6248017,7.248543252,60.65070288
807,Year2014,SAP,1,1,7,SAP_Year2014,Line57,102.8953641,6.81594033,53.56255149
808,Year2014,SAP,1,1,8,SAP_Year2014,Line33,101.170252,6.277239189,50.91745364
809,Year2014,SAP,2,1,1,SAP_Year2014,Line38,109.7571182,5.42673528,41.60068953
810,Year2014,SAP,2,1,2,SAP_Year2014,Line43,107.5493637,5.973096675,50.17688313
811,Year2014,SAP,2,1,3,SAP_Year2014,Line40,100.2970783,7.343724621,55.23513329
812,Year2014,SAP,2,1,4,SAP_Year2014,Line1,106.2014783,6.725154378,55.66980122
813,Year2014,SAP,2,1,5,SAP_Year2014,Line47,104.9487513,6.984339986,59.01286246
814,Year2014,SAP,2,1,6,SAP_Year2014,Line73,98.02984834,7.030637615,59.5704735
815,Year2014,SAP,2,1,7,SAP_Year2014,Line50,110.1332864,7.952115117,65.55745713
816,Year2014,SAP,2,1,8,SAP_Year2014,Line79,115.5181245,5.835571058,46.70932196
817,Year2014,SAP,1,2,1,SAP_Year2014,Line80,95.37412738,4.947740261,38.62881776
818,Year2014,SAP,1,2,2,SAP_Year2014,Line30,108.2212741,7.553533246,49.80671456
819,Year2014,SAP,1,2,3,SAP_Year2014,Line11,109.3793522,6.528366931,61.06429191
820,Year2014,SAP,1,2,4,SAP_Year2014,Line16,104.3378896,5.448763866,45.92620048
821,Year2014,SAP,1,2,5,SAP_Year2014,Line56,102.1968325,6.047982499,46.54419247
822,Year2014,SAP,1,2,6,SAP_Year2014,Line52,109.468079,5.518076632,41.54876451
823,Year2014,SAP,1,2,7,SAP_Year2014,Line47,103.2735703,7.395235363,61.3907063
824,Year2014,SAP,1,2,8,SAP_Year2014,Line70,108.3460696,6.924786605,56.19231011
825,Year2014,SAP,2,2,1,SAP_Year2014,Line27,106.71259,6.497531849,55.59792431
826,Year2014,SAP,2,2,2,SAP_Year2014,Line49,91.60568672,6.071414368,56.5033501
827,Year2014,SAP,2,2,3,SAP_Year2014,Line68,111.0212975,7.585086263,66.50473369
828,Year2014,SAP,2,2,4,SAP_Year2014,Line10,111.6931848,7.034724614,57.19140721
829,Year2014,SAP,2,2,5,SAP_Year2014,Line26,112.8513457,6.858963808,52.1016761
830,Year2014,SAP,2,2,6,SAP_Year2014,Line48,98.74705295,5.286151725,41.51597344
831,Year2014,SAP,2,2,7,SAP_Year2014,Line25,109.6833454,6.451709959,43.56619744
832,Year2014,SAP,2,2,8,SAP_Year2014,Line77,104.5299178,6.862205058,59.41459379
833,Year2014,SAP,1,3,1,SAP_Year2014,Line6,110.8218183,7.673415131,59.79315467
834,Year2014,SAP,1,3,2,SAP_Year2014,Line64,112.2856965,6.160964286,58.7321756
835,Year2014,SAP,1,3,3,SAP_Year2014,Line69,118.6121965,8.202190051,53.31938645
836,Year2014,SAP,1,3,4,SAP_Year2014,Line32,104.6959791,7.324030534,50.38540519
837,Year2014,SAP,1,3,5,SAP_Year2014,Line50,102.8957897,6.085243391,50.66027879
838,Year2014,SAP,1,3,6,SAP_Year2014,Line44,105.758331,6.493959668,46.43535857
839,Year2014,SAP,1,3,7,SAP_Year2014,Line62,95.97955839,5.694765531,45.71001011
840,Year2014,SAP,1,3,8,SAP_Year2014,Line15,105.7590284,6.53786986,56.92126922
841,Year2014,SAP,2,3,1,SAP_Year2014,Line35,86.92136298,7.195620174,57.94334124
842,Year2014,SAP,2,3,2,SAP_Year2014,Line33,101.3369646,5.673286702,41.20998209
843,Year2014,SAP,2,3,3,SAP_Year2014,Line9,90.64760017,5.300175763,38.81597086
844,Year2014,SAP,2,3,4,SAP_Year2014,Line59,106.3843233,5.958167,50.68538395
845,Year2014,SAP,2,3,5,SAP_Year2014,Line34,114.0477444,6.602863576,48.3749646
846,Year2014,SAP,2,3,6,SAP_Year2014,Line58,108.3993874,6.062832686,48.91371481
847,Year2014,SAP,2,3,7,SAP_Year2014,Line6,101.9549881,6.81692444,57.09546456
848,Year2014,SAP,2,3,8,SAP_Year2014,Line56,104.7460627,6.682341803,58.48716057
849,Year2014,SAP,1,4,1,SAP_Year2014,Line67,105.5997418,5.950644677,54.91354264
850,Year2014,SAP,1,4,2,SAP_Year2014,Line35,95.43602849,7.891255094,58.0785789
851,Year2014,SAP,1,4,3,SAP_Year2014,Line42,102.3753104,7.122854663,58.29833038
852,Year2014,SAP,1,4,4,SAP_Year2014,Line66,100.2193668,6.492935551,54.37669972
853,Year2014,SAP,1,4,5,SAP_Year2014,Line26,104.4501191,5.992434645,44.32384735
854,Year2014,SAP,1,4,6,SAP_Year2014,Line2,115.1050821,5.907149209,40.95368221
855,Year2014,SAP,1,4,7,SAP_Year2014,Line19,105.5536019,6.098998554,47.16545729
856,Year2014,SAP,1,4,8,SAP_Year2014,Line39,103.9034666,6.858164437,47.02429811
857,Year2014,SAP,2,4,1,SAP_Year2014,Line54,94.44758501,6.351478144,46.29961238
858,Year2014,SAP,2,4,2,SAP_Year2014,Line70,111.9052959,6.505584413,49.75535142
859,Year2014,SAP,2,4,3,SAP_Year2014,Line20,98.95379245,6.951122769,57.72890229
860,Year2014,SAP,2,4,4,SAP_Year2014,Line46,116.0032344,6.804833404,54.10108256
861,Year2014,SAP,2,4,5,SAP_Year2014,Line53,116.8107029,7.640143276,67.95010688
862,Year2014,SAP,2,4,6,SAP_Year2014,Line42,99.53520375,6.462757521,54.0455655
863,Year2014,SAP,2,4,7,SAP_Year2014,Line13,107.3783334,6.348814684,58.06812694
864,Year2014,SAP,2,4,8,SAP_Year2014,Line62,100.1794799,6.351826585,56.51648944
865,Year2014,SAP,1,5,1,SAP_Year2014,Line18,103.3601207,6.033038781,48.30791784
866,Year2014,SAP,1,5,2,SAP_Year2014,Line7,104.9384668,7.08506624,52.92408213
867,Year2014,SAP,1,5,3,SAP_Year2014,Line13,104.989084,6.378670263,58.84967898
868,Year2014,SAP,1,5,4,SAP_Year2014,Line41,105.707748,6.125779996,46.80143253
869,Year2014,SAP,1,5,5,SAP_Year2014,Line4,101.3463701,5.063419186,45.06958536
870,Year2014,SAP,1,5,6,SAP_Year2014,Line77,102.7074307,6.454894897,54.24070271
871,Year2014,SAP,1,5,7,SAP_Year2014,Line79,113.2031124,6.892766506,53.20540491
872,Year2014,SAP,1,5,8,SAP_Year2014,Line58,104.439955,6.202112923,46.05807238
873,Year2014,SAP,2,5,1,SAP_Year2014,Line65,115.0976686,6.702704963,51.6784152
874,Year2014,SAP,2,5,2,SAP_Year2014,Line45,102.8154853,6.085931566,47.02742792
875,Year2014,SAP,2,5,3,SAP_Year2014,Line11,106.6200791,6.346769729,56.59209688
876,Year2014,SAP,2,5,4,SAP_Year2014,Line57,110.577101,6.76150589,56.6833477
877,Year2014,SAP,2,5,5,SAP_Year2014,Line66,97.91736227,7.451708559,61.61910936
878,Year2014,SAP,2,5,6,SAP_Year2014,Line60,103.0716785,5.730261969,44.57475171
879,Year2014,SAP,2,5,7,SAP_Year2014,Line15,111.129838,6.621997652,61.41111263
880,Year2014,SAP,2,5,8,SAP_Year2014,Line12,95.02611856,6.154275001,50.96669432
881,Year2014,SAP,1,6,1,SAP_Year2014,Line73,103.8431374,8.16185608,70.63935201
882,Year2014,SAP,1,6,2,SAP_Year2014,Line55,107.2035761,5.787923196,46.74823846
883,Year2014,SAP,1,6,3,SAP_Year2014,Line49,102.4715471,6.204504786,52.14607189
884,Year2014,SAP,1,6,4,SAP_Year2014,Line12,102.7785122,5.934886419,51.14471269
885,Year2014,SAP,1,6,5,SAP_Year2014,Line51,105.5257821,6.290189308,49.40194789
886,Year2014,SAP,1,6,6,SAP_Year2014,Line22,102.8989091,7.049745561,54.72749582
887,Year2014,SAP,1,6,7,SAP_Year2014,Line21,97.25815295,6.811830201,56.61656348
888,Year2014,SAP,1,6,8,SAP_Year2014,Line53,109.4238618,7.594516242,65.8845031
889,Year2014,SAP,2,6,1,SAP_Year2014,Line74,103.4881895,5.977020716,47.73313079
890,Year2014,SAP,2,6,2,SAP_Year2014,Line61,115.6226424,6.030071811,49.8451093
891,Year2014,SAP,2,6,3,SAP_Year2014,Line44,94.80583821,6.314357269,48.40125104
892,Year2014,SAP,2,6,4,SAP_Year2014,Line80,95.77715948,4.936229376,38.4695937
893,Year2014,SAP,2,6,5,SAP_Year2014,Line39,108.8229732,6.954268331,49.34101893
894,Year2014,SAP,2,6,6,SAP_Year2014,Line4,94.86133753,5.109485887,44.91539286
895,Year2014,SAP,2,6,7,SAP_Year2014,Line24,104.1716857,6.60614538,61.22877341
896,Year2014,SAP,2,6,8,SAP_Year2014,Line29,116.1345268,6.43719478,57.25330381
897,Year2014,SAP,1,7,1,SAP_Year2014,Line68,101.834389,7.483965321,65.06194465
898,Year2014,SAP,1,7,2,SAP_Year2014,Line17,110.8229239,5.793925573,44.83370903
899,Year2014,SAP,1,7,3,SAP_Year2014,Line29,107.6749012,6.302680176,53.60423677
900,Year2014,SAP,1,7,4,SAP_Year2014,Line8,107.5903029,7.422891866,59.14845476
901,Year2014,SAP,1,7,5,SAP_Year2014,Line1,109.972365,7.026737486,59.40208933
902,Year2014,SAP,1,7,6,SAP_Year2014,Line71,110.3147863,5.231510996,39.61722882
903,Year2014,SAP,1,7,7,SAP_Year2014,Line65,111.9095271,6.884618567,54.401061
904,Year2014,SAP,1,7,8,SAP_Year2014,Line59,110.6894172,6.004324318,48.33862118
905,Year2014,SAP,2,7,1,SAP_Year2014,Line36,107.1602513,5.628452515,45.05606993
906,Year2014,SAP,2,7,2,SAP_Year2014,Line64,106.4968201,6.244360355,59.37705715
907,Year2014,SAP,2,7,3,SAP_Year2014,Line18,94.11783197,6.46438311,54.70630317
908,Year2014,SAP,2,7,4,SAP_Year2014,Line55,101.3403247,5.993787831,48.65099576
909,Year2014,SAP,2,7,5,SAP_Year2014,Line76,99.80843514,6.523279614,56.44160237
910,Year2014,SAP,2,7,6,SAP_Year2014,Line52,117.7341865,6.449387586,51.18713963
911,Year2014,SAP,2,7,7,SAP_Year2014,Line2,117.3728067,6.536051179,47.79422647
912,Year2014,SAP,2,7,8,SAP_Year2014,Line5,106.3775503,7.182703475,63.14014464
913,Year2014,SAP,1,8,1,SAP_Year2014,Line9,97.55890474,4.996415576,35.2157817
914,Year2014,SAP,1,8,2,SAP_Year2014,Line43,98.82751131,5.444659082,46.60431464
915,Year2014,SAP,1,8,3,SAP_Year2014,Line76,96.78384308,6.254485302,58.78759222
916,Year2014,SAP,1,8,4,SAP_Year2014,Line27,109.7357981,7.516856296,63.46751306
917,Year2014,SAP,1,8,5,SAP_Year2014,Line14,103.859275,6.562766729,50.95442487
918,Year2014,SAP,1,8,6,SAP_Year2014,Line23,102.8584637,6.643685836,53.5729246
919,Year2014,SAP,1,8,7,SAP_Year2014,Line46,126.9541149,7.308790348,59.51542052
920,Year2014,SAP,1,8,8,SAP_Year2014,Line78,106.7936877,7.315448096,50.7621155
921,Year2014,SAP,2,8,1,SAP_Year2014,Line16,107.8864145,5.315335107,44.18873276
922,Year2014,SAP,2,8,2,SAP_Year2014,Line3,107.5959803,7.945815788,54.24114326
923,Year2014,SAP,2,8,3,SAP_Year2014,Line23,94.53185087,6.877057088,50.84013448
924,Year2014,SAP,2,8,4,SAP_Year2014,Line31,103.7590296,5.303163777,42.04768304
925,Year2014,SAP,2,8,5,SAP_Year2014,Line51,109.9773665,6.504975197,55.35679116
926,Year2014,SAP,2,8,6,SAP_Year2014,Line71,98.70415712,5.949202625,44.37850115
927,Year2014,SAP,2,8,7,SAP_Year2014,Line69,109.6677891,8.137480207,60.34230482
928,Year2014,SAP,2,8,8,SAP_Year2014,Line37,109.4603155,6.85969939,52.67051617
929,Year2014,SAP,1,9,1,SAP_Year2014,Line34,103.766945,6.731297714,46.91375328
930,Year2014,SAP,1,9,2,SAP_Year2014,Line40,100.8931712,6.661529145,48.01788302
931,Year2014,SAP,1,9,3,SAP_Year2014,Line60,100.8024155,6.447899914,43.11154647
932,Year2014,SAP,1,9,4,SAP_Year2014,Line74,100.5974416,4.7699532,35.95099369
933,Year2014,SAP,1,9,5,SAP_Year2014,Line36,102.1598717,6.070667676,48.13184482
934,Year2014,SAP,1,9,6,SAP_Year2014,Line28,100.6939553,5.166770252,35.15503112
935,Year2014,SAP,1,9,7,SAP_Year2014,Line25,102.9210112,6.173918881,41.96550314
936,Year2014,SAP,1,9,8,SAP_Year2014,Line3,103.755723,8.00297168,57.96652024
937,Year2014,SAP,2,9,1,SAP_Year2014,Line78,103.5286953,7.718077684,55.58976006
938,Year2014,SAP,2,9,2,SAP_Year2014,Line7,101.7578185,7.107785906,61.55369701
939,Year2014,SAP,2,9,3,SAP_Year2014,Line32,92.42320966,8.355224831,55.73278146
940,Year2014,SAP,2,9,4,SAP_Year2014,Line8,107.6324422,7.900486647,62.84559872
941,Year2014,SAP,2,9,5,SAP_Year2014,Line72,103.3565411,7.67351587,67.70784112
942,Year2014,SAP,2,9,6,SAP_Year2014,Line19,112.1920242,7.296912946,56.62775218
943,Year2014,SAP,2,9,7,SAP_Year2014,Line28,106.5402813,5.487458139,39.10416454
944,Year2014,SAP,2,9,8,SAP_Year2014,Line22,103.8313338,6.478031624,52.52941422
945,Year2014,SAP,1,10,1,SAP_Year2014,Line31,100.2870746,5.048593678,37.00460899
946,Year2014,SAP,1,10,2,SAP_Year2014,Line75,107.7485827,6.387504076,56.26495886
947,Year2014,SAP,1,10,3,SAP_Year2014,Line61,109.6200966,5.176844857,43.75024561
948,Year2014,SAP,1,10,4,SAP_Year2014,Line38,106.4315474,4.594575953,33.75656304
949,Year2014,SAP,1,10,5,SAP_Year2014,Line45,108.7632037,6.798949356,52.15874476
950,Year2014,SAP,1,10,6,SAP_Year2014,Line10,113.8151733,5.414416406,39.79785379
951,Year2014,SAP,1,10,7,SAP_Year2014,Line54,105.6376324,5.846265277,41.58112759
952,Year2014,SAP,1,10,8,SAP_Year2014,Line5,99.12318298,5.783041875,50.30109374
953,Year2014,SAP,2,10,1,SAP_Year2014,Line63,111.8042903,7.441181085,63.67022557
954,Year2014,SAP,2,10,2,SAP_Year2014,Line30,116.1227308,8.236835913,57.43071082
955,Year2014,SAP,2,10,3,SAP_Year2014,Line67,101.4684778,6.100542136,57.546327
956,Year2014,SAP,2,10,4,SAP_Year2014,Line75,102.8439556,6.060560149,50.64125301
957,Year2014,SAP,2,10,5,SAP_Year2014,Line41,105.8967054,6.485882211,50.69295776
958,Year2014,SAP,2,10,6,SAP_Year2014,Line17,112.3030119,6.526005616,53.00464982
959,Year2014,SAP,2,10,7,SAP_Year2014,Line21,97.63442142,6.534219872,58.76958481
960,Year2014,SAP,2,10,8,SAP_Year2014,Line14,110.0779833,6.489368229,54.503281
